81-743-0185,1,mcrust0,aoppery0@lycos.com,$2a$04$zJIT6W6xkqgJnhHYWkJKA.3KqBJ1jBDzE00ReDHGnVNSFRh1fImw.,1672448037000
63-389-3521,1,bhovell1,shayhurst1@admin.ch,$2a$04$WZG0i7UrfxfYL3fcNo2JueS80ZfZKHbssLw11B6I/u1IP0/oDrZYm,1663190574000
02-860-9276,1,nbohlens2,jtweedlie2@epa.gov,$2a$04$3rzjaz3mkYcfxdZ9tuIIRe6RnFSn1SPKQuNAE0OhJQTsP9Xz01lr.,1664080904000
34-240-3038,1,lheavy3,awynn3@kickstarter.com,$2a$04$UcIb/d/2nIJzo6rXIW3VRulXses1FpZRJH.2/msOwPeDCmDyCUJGe,1661910508000
54-984-1427,1,kjanes4,chablet4@pcworld.com,$2a$04$DySQO7dyZmyRKw3dtRa7S.6FJQSz0Z2jy.uQj7A2LLYxpj8pkxfeS,1676049534000
20-169-0563,1,lsowden5,dtatum5@apache.org,$2a$04$ryh5FMndLX1nGBOMiKXU8OBdIHxaL5jQ7I8qTyDWyCNxr1WadzHa6,1657805785000
38-500-0186,1,owinspar6,pparken6@prnewswire.com,$2a$04$hGaVoiYVXj53TDht72xhmuayOXbbVyXPMq5yYgnJzmYkge4VA2HVa,1676532744000
78-884-0156,1,lmurrie7,zwennington7@mysql.com,$2a$04$aP3EaMQ0yaQNK6Ku/Or7LeYjdSUJ9xUf6GTmxsdsRQhs9xY0Aq98W,1665650170000
84-283-6863,1,mmarshal8,mlawey8@ehow.com,$2a$04$vyo9WcbGGFGhU7ZH5khVIeHutqpu9GeivsUq1ds/TATCg7TmqND36,1657709379000
87-583-5308,1,ctythe9,edowne9@stumbleupon.com,$2a$04$qbhXZ3vn8irz44QM.ak9KuwNnLlhwQi/3fXcMFUWROpm4anSyt9NO,1662644313000
96-276-6578,1,bdigglea,mfauncha@moonfruit.com,$2a$04$PRdgUwv6VKnw0eHFZoN8a.cop4sTeiMpG3sU5ygM5yBaBDcsSVZyW,1668693333000
03-136-1745,1,mcotgraveb,khafnerb@ycombinator.com,$2a$04$jIuHbY0UWE4NKurlU3iszOQCJCf6muBDpD.P2x1aJuDPhns/4IFJu,1671769453000
89-966-2931,1,aroadknightc,kbondleyc@huffingtonpost.com,$2a$04$XSmKi43Tl0AlvcT3X13SUuO46xlAYpN0vMfP1ReX065LDVmsOBhWW,1662451947000
18-848-0583,1,kbultituded,ahordled@sourceforge.net,$2a$04$sNCCLGcW8pj//.xTzZHPKOar45WXoKcwLFbiZBWmkJL4Rl4E30noO,1665373582000
29-376-2825,1,ycomettoie,kzanetelloe@rambler.ru,$2a$04$8vXl8YAe4J5DtXpH.0TXNOsohZ8.MF290V6D6OIVQGT8sHonI5yI2,1671839012000
53-864-2614,1,nbrunif,tcullivanf@washington.edu,$2a$04$QCVSlPXt/IJRPbYdyOlkHufDaqbCFKDTRaZ5e3ttgCgj8dCNKKwhO,1668608104000
81-063-7590,1,cyewdaleg,mmaryong@homestead.com,$2a$04$jU0DyOLmLLbYYO.D.fPmO.z1uXrL0hC5n7f9b3INs1ZzndC38T3Em,1682194111000
02-708-7959,1,nvannih,porrillh@usnews.com,$2a$04$ZdmGUHiY2ijfJvOVTA8cQeMD177UWMwdvQZFo99X7j6o.q53Y88Eu,1657098401000
32-656-0930,1,edunawayi,lmcquilleni@discuz.net,$2a$04$w3RgylpOYi3yavCRRim3LOd2tue5NsCgC8gnLupLYFfdg49iiA95G,1673933297000
66-809-1470,1,byukhovj,sdeantonij@angelfire.com,$2a$04$k0ztrITlem.Pdyow9qHBsuIOUAXzy7JRuFtV/Am/lBEdga4H7z8u2,1659679318000
49-417-8939,1,khardsonk,bnehlk@europa.eu,$2a$04$PCGS4NRvH2hSLgoufg5bWe1d/Y2UoXSe3GAjLu5ndikDDrhf/UFZi,1684691893000
40-749-6320,1,ccloneyl,lgerwoodl@nps.gov,$2a$04$yswfwpCi/oKJRAowvqoPYOkq.vEpFTp7uSJEOtNtWN8D7udQn1Il.,1680749840000
95-035-0394,1,ucowillm,kdandiem@vimeo.com,$2a$04$GYWpc3bQIRSvAXa7StOsF.QWQwoaStiWO90z7HD1izOo3VvQkn8Uq,1674053296000
84-863-7147,1,dbernardinin,mbloxholmn@forbes.com,$2a$04$Kg4bGyaB.tfQtOY8kw4/BuOewSjrf5cyWzH0jxfwLvW8sEg2pEQYW,1680581190000
17-239-0614,1,cdruelo,agillio@purevolume.com,$2a$04$TP5wkmEyc8cnBqO24xB6deFnUBHzurDc4X.p./Gw6aK3ng8lxMiQq,1665341541000
32-614-7990,1,gpascowp,agoldthorpp@statcounter.com,$2a$04$.ylPcqpoGkUtdMyNlg4ytuwJmoBz4s4WJlfBRjcgIj.Yk.sFbiDoK,1675265313000
06-520-3845,1,rlowensohnq,kmccroaryq@omniture.com,$2a$04$2821nl1brZuTunvZN1tm7OjG2w6maE1tNRUNmYf0V5UOBWjP4YRIy,1675619853000
08-655-7517,1,mwilleyr,swesselr@nba.com,$2a$04$k16ezHrEvQ9w0gbtzkNtbuwwRhEVvPTQc51BeyFeaG.WN4himhtca,1669258284000
67-432-3388,1,dvealls,lpiffs@cocolog-nifty.com,$2a$04$SUoZbEpNHEwabX1khI.RHeZCKj29kDDQILu/zqgaexOGelxVVXUKq,1659673473000
31-236-1973,1,lolsent,jleckyt@mayoclinic.com,$2a$04$CHo8Pd0nLqLO1wwhRDwibuBfMIg.wwZOfAzyh1wbdyy.YQ.pSvyqy,1667670837000
80-299-0889,1,gpeabodyu,iedwickeru@ca.gov,$2a$04$N8oucOjvbijv/.3uVupXR.vOu4JZ4ntLUjdMhLT83.9Dj4h4UWqsi,1658006061000
09-069-0235,1,mperkinsonv,caudreyv@ifeng.com,$2a$04$SB9lLJ13u.e2aWkxovbb7.BzMe23W0BV3W7lWqFIp/8PRu8jppjta,1678509879000
61-609-2984,1,llucienw,msainesw@hugedomains.com,$2a$04$71OczrJr9FiDgA1PFlwKv.r18yQ6gthTBdEVOMoLNJ1c3IEdTAQkm,1656586044000
15-622-6093,1,mdearingx,cphilbrookx@blogspot.com,$2a$04$U2WTgL5I8c.qjluzZ9dJkO7kyctXwgbGmz0t.mGA6emMDyjLTNd5e,1687346339000
15-425-2137,1,mhadwiny,gprattony@google.it,$2a$04$fuAJFoo1pcNWz/ZKtK8u3e/ebsZ6Ij0w8/1/rjCA8CYJp6bJSu1xW,1679300505000
75-801-4606,1,bwilloxz,eremmersz@fc2.com,$2a$04$KfX58sGvAEWuAd0wdjs2Uuff5PA2J4IyEL9d/1miAJUXFgHYllUIC,1675952092000
76-542-4220,1,fblasoni10,pstorms10@dedecms.com,$2a$04$d4fAPxeZFGXHqUlksEGjLuBj.sunvfzOk26meXwVW.jMEuGSLcJEi,1664497642000
42-262-7275,1,mfrantzen11,ywhereat11@hugedomains.com,$2a$04$wlws5wDCjcpkNSn.h9xfTex80Bi.87hgpPm5.4ZNdpVd6DC/Rbtly,1677206748000
88-982-2356,1,kridhole12,iklein12@joomla.org,$2a$04$lMI08wciTHokMH5TXvES8uHFz5tH3I4KESgmCOMcykzFk8bnPKoRi,1673800381000
14-396-0221,1,cjaggar13,jmacshane13@hugedomains.com,$2a$04$uy86ELKfPwLNY7auGjW7Nuj04EIExGV63rUmjUQ28u8ac7FBwZok.,1663299442000
35-989-9433,1,skidde14,tjarley14@sogou.com,$2a$04$r4dkjQ70jwX1Ny2KX6ATI.qgilL7AVBotZCmECxEucrqRv/HkPYUS,1672190735000
46-207-8268,1,rfairlem15,ubowich15@nytimes.com,$2a$04$K/VvZzw6jYkrbqEB3O6s8ejmhSgo/K.chKk.hx.nL7./l7CTh3F.K,1660883899000
27-337-3725,1,rmatusson16,streleven16@soundcloud.com,$2a$04$iBpnJeW3PAyOC/tlm0m9MuToNWug5IbiD.Sjz8tSDRvcnI2.n6eUW,1675949821000
02-277-9882,1,nmacilriach17,wdawidsohn17@zimbio.com,$2a$04$li8al1oZBVGY8ajkY5SLvec5WBTr.bgZQLit/CLyjj4nTJ/qMBjeW,1666315089000
83-147-7787,1,wcraw18,hburnand18@boston.com,$2a$04$CWisVGUBcfVKRughrnJqHequ3WitfRN927LU2MXImTtrPLFeNYP/2,1685702304000
15-547-5300,1,kdefreyne19,rsattin19@intel.com,$2a$04$OSH65EXIef18pp/2FrUayujQl.mJxByt.eqje8u1q1cfxXxgK1YpG,1660516270000
45-403-5082,1,adurtnell1a,eadrain1a@accuweather.com,$2a$04$gJeC0SQWsJCy/GRfQZAYGOuYKrPR9VLNZN.cD9fenxhtxaEGN8vH.,1684959347000
06-148-9823,1,kohalloran1b,uloseke1b@tripod.com,$2a$04$didtrauRvsfdqpDLAv4JROusJWKi5hWuKNC5Cn9hvfC3n3Az53Gpq,1656169572000
01-389-7207,1,rgerwood1c,lleyfield1c@is.gd,$2a$04$rBSeq67XjcfalpbIFc6sQeU8okJzcOtXH5YH2uS7.gDhhfRHlJEky,1662540065000
04-109-0000,1,ylysaght1d,ecroote1d@cbc.ca,$2a$04$DL54UWX1bosTg1cWd6bjp.JuoI68UwRwsy8wLWDB/y0o.Xd2w0ZGq,1671504760000
35-882-7031,1,fgribbins1e,zbrugh1e@opensource.org,$2a$04$VGOwgt9RLItOeNh6dikJnuRycUWhKXzExJDDkg59dOaXuIGoeN89y,1668334821000
02-546-4424,1,lgowans1f,mscoggin1f@yellowpages.com,$2a$04$c10t5PzKdze2KySvyg5vSevgrJGNXO6aXuW.cLMQtg8klVxFzmDK.,1683962631000
21-415-4900,1,cshurrock1g,hsoitoux1g@kickstarter.com,$2a$04$mAfiVDJMZcvrQVNXVZB4Ku10UsQ3AJCc.7qeOVtFRvMtiCSeAWpOi,1673917232000
23-877-2303,1,aokielt1h,twastell1h@usgs.gov,$2a$04$NcAG/6jQoLua7oehN04FFOJt3e383QJ9jZn8JjPSh74aOHFpDbdHe,1676592976000
11-315-4368,1,omulloch1i,ojepson1i@goo.gl,$2a$04$teyUXQxMwPgI5V7AhnpOpO6zGNHwpiAyarZ3mLK/GcUkbVcuR3z52,1666800486000
07-371-4473,1,volyfant1j,bkeeffe1j@cdc.gov,$2a$04$7ybbSl0BWfqUNbwPrrxrXudUefUOBvkjMEEUGvVHyGAbtQztQBs3O,1687147367000
81-559-4046,1,vciotto1k,wludee1k@over-blog.com,$2a$04$yq8eSXfWqLfEomoaghpmye2bj80KJf042BojEjpcbrIFRZwbwYBw2,1658623595000
93-814-0335,1,dbackhurst1l,waddlestone1l@yale.edu,$2a$04$uMAo0jRaL1X8xCcT.OUt2.Z111vyimvpN7qTPTs88oF.wVQX7QRpa,1659932571000
64-867-5121,1,vhesey1m,rsimone1m@wikia.com,$2a$04$C8afdF8I9.8p9ya.Pep2y.ji9duiEy/lrHdo49QCiPtgL.0LuyXA2,1686662440000
95-611-6080,1,fpleming1n,gkesey1n@com.com,$2a$04$vgLY3TPzmUojQKaoBSQYJOmaM3gva.RBFULtS/x3LaFfXV2NIButy,1678165473000
76-868-8611,1,ssecker1o,njantet1o@joomla.org,$2a$04$6HUU9FG5oqguKOKI6KhxteLam93BBrlPwXqHeXxo/i8q0DfnBX23.,1674370189000
56-820-3501,1,cdunderdale1p,ecorrington1p@drupal.org,$2a$04$fLre8OEiZIdC.mdEKEBrN.u1qO.wW/vTFpwZ1oqmNr3TpnwE2gZUe,1661905729000
33-281-7938,1,meliff1q,gmckerron1q@fastcompany.com,$2a$04$iwiHnhZTALZjBKXqwxT4guqBRO8JBkd9h.w8oLwlSRUkNYNi7Mj.a,1675792630000
81-914-8968,1,lscrewton1r,beustice1r@bbc.co.uk,$2a$04$gFjVMN2dsvIGffV5hU/sxuK2JaLyZkX.fE.jH3JKll4JI7Jf0/K0O,1663318628000
78-845-0778,1,kfearnsides1s,dgilbart1s@zdnet.com,$2a$04$Z6LQ1SWs7gqQ.tao7Yt0O.BsMwWXI8BBn62WEE1pMJXqVc5utLAKa,1687220578000
56-070-9800,1,lsmithies1t,baberkirder1t@infoseek.co.jp,$2a$04$WNkd61MvdzW2gOWRHgdMveNlucrJjpZcQMGMTU/TWC3CgYAqYplx6,1674014353000
24-433-3919,1,cayars1u,agallyhaock1u@sogou.com,$2a$04$tji6zH3VZnX/Dk4rfGlCpOoIVXX60WVYtk/mRTAE0eW1Uxi1FYRle,1666077707000
97-168-3695,1,mgiuron1v,ccass1v@xinhuanet.com,$2a$04$JIylRK2D97kwciL6CT5c6.DJTNROcI2iWVFE2ULFFnsAdBg1yyLHW,1660569896000
47-512-8979,1,twilacot1w,lwaison1w@shareasale.com,$2a$04$ri46C.6VS1Dny4AnQ3YnaOBJYCbN9.BNaarhkm9U8mer2axswAWNa,1657937875000
27-779-1244,1,rradnage1x,bastle1x@github.io,$2a$04$SurXuErwqNxHt6D9GgTzduft9619H3NknP/ZGWPoxTBMZSCJEJFze,1672651994000
33-966-3821,1,dwain1y,bziebart1y@columbia.edu,$2a$04$lL1FvsVExM0XBd.FXuHcq.COQ7dtDE31D4OZ1Razd9dCGB4ytaZJK,1656629928000
04-857-8562,1,amanklow1z,wdove1z@last.fm,$2a$04$1TEiIufizaIBF6BOnRDWP.Yoej3s1TifsyHsoPluEJY4d8Oxfy/2q,1681915936000
73-129-5430,1,fcorballis20,rdunsmuir20@howstuffworks.com,$2a$04$BPziyFIRZn8ZuOrMXTvLLOku1BNyEVRtUbmSCGyHttD6VgoaZpnfC,1685950694000
24-824-6142,1,jkersaw21,wkarpenya21@e-recht24.de,$2a$04$POqkBJiZY5wx/nExEwV9Ee2lhe1/vEkgsgxJ/HDPaNJsyB68LlSnW,1673314132000
03-275-6226,1,tdressel22,fcruddas22@google.fr,$2a$04$d64wNtb8f7Q6bKrcwGuxI.Ub3fEaIHy1/v4W0hhREDyT342H3zWNu,1662196083000
87-427-2698,1,hseargeant23,scowpland23@flavors.me,$2a$04$3vNDOQZbaraDkCZRR0qt4e.SBsn2jPO9xVVfRcr6WNO.MUBfVT2zG,1657858897000
30-416-6396,1,rdiviney24,djaqueminet24@nature.com,$2a$04$r7.RLp3aZZ46TFBQ/XovnOr.xSSyuft/nKTSj9R/9x0AXb5uFWf3a,1672615496000
62-105-8331,1,pbaytrop25,edickie25@networksolutions.com,$2a$04$d73Dx9vPVWgySJcFi7bZtOEZYZO3OeVnMP3wy48DCjcnvGjy7oToK,1683289691000
10-651-9525,1,rohartnett26,acarik26@nytimes.com,$2a$04$pHWxz1rDjgwdwzJImCaf2OEyJGpkEYr9sy9AOluqzW04uS2ZiGKF2,1686626232000
22-234-0529,1,bkantor27,bwilcinskis27@paginegialle.it,$2a$04$dUfMrLoBH0dDI9XQn.svGeI9nzYHUUDvoiihvDNuxvgsLVwZlZ.3S,1656587894000
22-015-6423,1,mpartridge28,zcasaccio28@phoca.cz,$2a$04$qHbv4azqlylcN5W2cOmPBelGvWnO0ayRv72wKdZ9tFntchms8Zhi.,1664880130000
24-969-5628,1,evasser29,tnowakowski29@cbsnews.com,$2a$04$UZxnA5XJDjXGP3YYhu4vCOKV2NyXM7RJbcw/jcOxuNefiVq6mHOLW,1676427032000
73-241-6532,1,clenden2a,aolifaunt2a@google.co.uk,$2a$04$9j8dHjE/JCcuypu56Hrty.PdSTCjt1DLDc1NvfFHyxHlyOnpahhkm,1686040829000
47-619-6502,1,agumn2b,mlisciandri2b@nyu.edu,$2a$04$EXfid65CS0AyJwE4haTdrO5R0i8NXVvlTDWIpVEG/BrkrLqxWc0/O,1687018023000
70-984-9806,1,bhazeley2c,jpolkinghorne2c@tripadvisor.com,$2a$04$PDvOiwIq/ncat4sLkHCFQ.Hfs4BG8f1DjXz1XgWgslp.SCIfcyMiK,1662733378000
59-403-0748,1,mmoysey2d,briccardo2d@webnode.com,$2a$04$.tBaWOHgW8LrX5Wd8y1LWeZsiC3bmwrFAkY4kXpi2ZXch1TiQ/9ze,1680347549000
82-129-3939,1,adurber2e,mbraidon2e@nymag.com,$2a$04$sjLFs9okugaraLoAH8DEK.zouExCffxXHo04QCitj3pOIQ5ejCYcG,1669129558000
55-400-8031,1,vpoplee2f,barundel2f@tamu.edu,$2a$04$bY4Bo0xbXc76D/OgGY4L9exFMMaBC2KcWAmEW.ec1fynMhm/3mzWW,1673881879000
42-510-8426,1,okubin2g,garnoud2g@vimeo.com,$2a$04$jgd5somA4xBC72u/eWMiruh/RhEB8BaGP2zY3OWZmNJc.q4LdSv5K,1677522094000
71-144-8851,1,jeyres2h,mstyle2h@netvibes.com,$2a$04$h5vaWZW7uM2Vwm8w5XNlZeeYJu0QKfUyUkQdGxfwmkXc/IJ3OTOKu,1674879041000
54-728-1206,1,dstrippling2i,reagar2i@e-recht24.de,$2a$04$JVPVtTlfTeYdNx5qS9Ij7.Oae5sver35aNwoTDYtaCzgGgeFbgZKW,1662058631000
94-692-4942,1,gsterry2j,edusting2j@npr.org,$2a$04$UjtA4.xLJK2JZjxYbyXAY.CJDTlE111bCmmNDIQ5W32qU1.wm5vv6,1679907435000
84-398-4301,1,rmedcraft2k,fwarwick2k@miibeian.gov.cn,$2a$04$lLuOMTHBuwU/msIqBa4MheZyZsayc.vwISNfRchMiZtxTJ9AiOvXi,1682397440000
26-701-4188,1,laxell2l,irennix2l@typepad.com,$2a$04$C5oNq53OaCfsSlHQhFiwoOHglhTr3b4xMQ/Flaly4aHFJkxLs9Jte,1665393597000
62-462-0627,1,mromanski2m,afranzolini2m@blogs.com,$2a$04$Wk6eb4efUeSu3GyoUzRg0u2maAJme31HLL5manxLkdIMNu6Ks.unu,1672019594000
08-907-0731,1,jstockport2n,sskouling2n@vimeo.com,$2a$04$xKK28t8AXROV/vBrGiTg7OK/sZzolzzWz7yrBObd8ZaEAOuNyBzse,1667055261000
07-466-0236,1,mdavydochkin2o,bchessill2o@google.es,$2a$04$y6YxHxnzLZFzuQd2e.izH.TcQJrRefjXFNPKMSv538qDPJPke18Ni,1670197648000
59-383-5038,1,ggason2p,abellow2p@vimeo.com,$2a$04$2J3ngpvmE.gFt5QB.ocWKeuUGHjbRJCC1iBJruDR8DWMG27ekHsJO,1684497520000
06-271-6531,1,kabrahart2q,htunnah2q@washingtonpost.com,$2a$04$/.9ro.PZL1M6mBBoQeooIemPZbO9ocHu3yYJ4iJg5t9iR9x1vNDui,1669384619000
54-393-0975,1,fwhaites2r,estivens2r@over-blog.com,$2a$04$VGEYqruhqUWL1xgWFmMY8OWPRiueibJDsCPQi2dAFizBvQRZuPf9W,1659236723000
