10-033-5522,1,scoultous0,fmillam0@wired.com,$2a$04$GczJRK8GtwZ5aZAc1nXwne1igjfRaXDwExKN2acWmXB8CxRbJ5Sn.,1669542633000,74
51-323-2946,1,dleteve1,jbirkwood1@loc.gov,$2a$04$uRQKMxHZRWzu3/dP9qZjWeRT6/j.jS8QY/Pktxp6VyTj3DzIF.kXq,1664533806000,78
64-736-5830,1,khansbury2,mfoggo2@icio.us,$2a$04$5NQRg.QRhX4hF3JV3TKH4e3yUj68.3712YgULlD1WJwi59SoK3thC,1669484325000,50
58-239-3806,1,lgasken3,gcroci3@salon.com,$2a$04$Ua/t/PvWq8pWfNq6HNmad.i9nhURozZuqkIJnPK2OslrCGueq3W6S,1670038457000,55
36-625-4268,1,aghion4,onissle4@google.de,$2a$04$uEeurebjm.Tj/XLmbiZV4uF5BNz2uOvfSBsFJ2gQVLH1d3//mjj/2,1661486170000,72
86-256-7128,1,vklamp5,mcubberley5@deliciousdays.com,$2a$04$RDIBuTjVVBS4ZQQnb8LvTeyoaIpWqHd/9KOXwnJWVRYs3NpZ/ccku,1679815859000,54
69-729-8416,1,agodart6,jdissman6@godaddy.com,$2a$04$Iju9vsLS8J97knc0MShQ5udTI8tvD4NhFEJjtvYMBXwSBhC3KFvhy,1670374492000,80
72-320-8947,1,bridgway7,eclemo7@xrea.com,$2a$04$/4FX0FgL/lZ0mZPmg1JjRe22DmmJnsAha0MNRlJ2BxUjUafF/BkIC,1658908320000,81
14-524-3764,1,awrassell8,bmougeot8@census.gov,$2a$04$WN05dQkuHrC0rqbFrK0Jwe1nv0Y8UG95eX6GhtkZtvHDXMaxNdaSy,1672186041000,64
52-869-0471,1,bsemkins9,bkorda9@ox.ac.uk,$2a$04$9GZrXOAdbzNe/d3dhFNSDO0ttLEETBnLB9aG6tnMc6nwy48Zszjrq,1679026837000,53
44-139-2669,1,cwestmacotta,aillyesa@mozilla.org,$2a$04$kKWxHlm20bgIQeLwqCWsueZi9E3f38yjgGE7rTpgRPHPfPLn6RlbW,1687517308000,87
73-145-3636,1,bbellisonb,igreedierb@w3.org,$2a$04$Fqu0nwidpJxpg8oovtOnLeyR0lfOXJAJLAxp8oGSygY1Ng5/kLFai,1665130256000,54
51-280-0061,1,sheretyc,jaikinc@cdc.gov,$2a$04$uv0eFwDfLHN2szSaVOEUWugjzL0mXd1upCvWXtNerhc5PGxr8ez0m,1670469044000,80
91-335-7477,1,adickeyd,qrileyd@github.io,$2a$04$CTjXHYgVOiPr6co6rDr7yO7dq2yJMYyoUAmdDDGOv3EE.ZpQGQr0S,1678106468000,87
77-364-2467,1,bwolperte,ggauforde@furl.net,$2a$04$vbNRxQvE1iz/lQTG7t0ubONylp6LHaY/hLvJFB43lnudHMxMg6H4G,1679987329000,100
78-165-8227,1,lcoatmanf,dweylandf@themeforest.net,$2a$04$2CSEmgVDW5AcfUTGmY52sO/ZTW6v5IxpRbqsqubUis.WgM/ifv/A6,1673166537000,92
63-774-3441,1,pscurrg,mmaiorg@people.com.cn,$2a$04$S5tmUNvaVYfNC0vr/fVLAePi16jP.ik4v/tCXYV8LjnRHwtNKbiw6,1659859875000,71
58-393-0988,1,sbautisteh,wgregoriouh@smh.com.au,$2a$04$x6sI8NXUIYiTuuWgg7VFIuxjXRuy/lzi/YI5TLdLj5rVbl74o2bZ2,1660502416000,61
94-818-0458,1,nrigglesfordi,dtweddlei@google.co.jp,$2a$04$UOhhEBa4eN8QT4tCbrlwYe73ujsIKFteedAlZtQoHxQgXSMWHhKKa,1682070964000,98
63-043-1153,1,dgrinyovj,rbiddlecombej@wikia.com,$2a$04$2PL2mFE/KguOb7YrRgvzEuYjsAWBYhgnVRx7KQQORXLXv1DFj8rQS,1671047424000,82
77-688-7011,1,ebleimank,blukask@cyberchimps.com,$2a$04$rgiLbHhDKSDBwTxYHHWUZ.7EkViP1nIzHI4WY30f8RSAsGI2sc9dy,1657890335000,92
63-422-9998,1,bsirmanl,methelstonl@rakuten.co.jp,$2a$04$9geh6M1Krru7YnWpnpRMu.CGGPJiv2PFdt8sQPyK0RMtlC28OVDMa,1681185219000,94
68-859-9688,1,dflippellim,jfiveym@thetimes.co.uk,$2a$04$PD/Xm5rQL6pcQ0MULbZ2NOeuPj1x3gbNPZmnLthJPejC4k9DGwyci,1685004334000,78
68-917-2216,1,adownagen,mmawn@google.pl,$2a$04$47fZFbVNvQREFfa/IMaCV.94FUXhAGyCTRznTv0h/mWpHEqMqLiMG,1657866247000,68
21-089-6796,1,ddavyso,ghackworthyo@blogs.com,$2a$04$adYHWwNLkYsIrJCW31C2De5VRcR4Bv9rlv6BTcxQEyJW3eJupalqe,1669137096000,62
77-487-6982,1,bhachettep,oarnowitzp@youtu.be,$2a$04$qgurttfGhUUgmSWA16e0s.YgXBEM7jFdtOJloTXV9ylHAmcmJ7vMy,1672909094000,91
59-257-9996,1,lprickettq,dlewknorq@oakley.com,$2a$04$AKcmm10efmfR5Z.AGwTzQe/lt/2rVILBwowB.bwigVHYGN2ZsoKcC,1676383774000,74
62-448-3955,1,wfinleyr,rbanbridger@rambler.ru,$2a$04$cJ293ERWu8L/zlabpjx/z.BrCuV38EEjRCH9.biYHFO2D1renN8PO,1682971532000,93
57-203-6141,1,cspellworths,rpadleys@biglobe.ne.jp,$2a$04$RdG1G52.9nzpC7lUJkvcmuev7Y9cCFKDkESN8NxuJ/j3LS6vKUEPW,1657741746000,69
69-513-2724,1,rwebermannt,ecraufurdt@ibm.com,$2a$04$3YOFGm/OdTIKAlsF09MckO2P9U1.36pOqOdiGil3UA5CWlTwPXDg6,1664506687000,100
28-700-6811,1,agrigsbyu,rcritchardu@scientificamerican.com,$2a$04$HVLetlSQoM0lHIIqrkWLsO2FLgbxsPaNidLyE4HcnnMG8D4Ne0f7O,1673174266000,73
92-196-1081,1,dcrispinv,jpolinv@comsenz.com,$2a$04$/3GXmtVQ96zNZ9Z.49QheOO0ftQhdGRlZkgPXp18PH1EkPRuPvLaC,1660019040000,68
75-904-2799,1,icoilsw,mraunw@hhs.gov,$2a$04$5BbwXhrYgF4Jr6bnz7uRkO5AK1lDefI6OT6GaMExJkotbKi2G/kWC,1657126204000,98
33-384-1585,1,jpawlex,nbeadnellx@etsy.com,$2a$04$FyZ8o4/W3BslJOJiLxmCLuw7mDLaGZ9eCb2qFT4QBWANjLejE67.S,1674722238000,63
85-248-0938,1,agerataschy,tpuddley@1688.com,$2a$04$Ht0AvFBupsFTy6mJvJ.uIeJuIx95u.LOHfAH5xyQmxj3219UnHDDq,1679638602000,90
55-014-8338,1,dfriz,estoppez@github.com,$2a$04$tXs07zjC.yt6taUFqhm8huSmX7rn9zWc/XugQJE57cKTJlokIYr2a,1657120935000,91
16-538-0914,1,pgurney10,jwhitewood10@sun.com,$2a$04$VJV2RQo.ahpRwgiOuLIFLuQ9TLKjmYJ/OBC5ih.T309fPtiHDCzHu,1671482220000,56
26-280-6891,1,larlet11,ahaskur11@linkedin.com,$2a$04$gWeiDb2/JCTHKmt5D2jSR.hikKf8DqHApgLe5TwYQ3HepNs5mG/e.,1656800477000,84
50-542-2465,1,orozet12,cgelardi12@buzzfeed.com,$2a$04$oCTadnGcplyI7J7BsRpPzeMWP.qmszQcf0BxR.wyx1Gipxsw0uxWq,1681008725000,94
61-747-5534,1,aemeline13,amaccarter13@devhub.com,$2a$04$fAoHCKjanQie1BY6pUDw4e7tSvouFvTSGL5GuXJ8la867zk9TJxjy,1664861884000,52
44-276-2104,1,eroscamps14,ajoyce14@vimeo.com,$2a$04$hVLPumyD4a7moIIHoSWHRuTsLQauhqaYrVYFerI/FWLFMndL7S1jq,1683066349000,78
64-626-9899,1,fcollick15,dbedborough15@usda.gov,$2a$04$j7H1r7IQKJHMLmXrVTqA8OfrD8KxsHoaO5yH1O/heF3RfQg68Z22S,1657350533000,90
45-351-1507,1,rrait16,eclewley16@huffingtonpost.com,$2a$04$7SiguR42eJWsC41gmE/.9eDwGfrygCINUK.mHFpxPmAD4cjq23ySa,1674639736000,60
64-548-9566,1,ipulster17,oholttom17@yahoo.com,$2a$04$amb19UHIK5BSgU1xhkoLI.Ue3dGJLch2xifQ6w0FJjEILIyUopXZy,1682741282000,51
00-263-1478,1,cduffit18,pjakov18@army.mil,$2a$04$On8pnk5S0IxKgqAaMYdqcOZBMUURYl6AeYfMjMv.4uHihcgDeB22q,1680949700000,78
57-803-2365,1,wstonefewings19,treavey19@4shared.com,$2a$04$0NapHogy6MvMrXGm.v1c2uVdfBhMVuNdq860FPS.1LrbB2UsUyYlK,1674190271000,78
27-149-6388,1,svamplers1a,sstruijs1a@storify.com,$2a$04$RKXHstpw6VlOU/cgOP4bHu/DCfxdYQSnhIj2OMFSq5eXzXEHbYzqa,1676746488000,76
69-602-7212,1,csandiford1b,wtallowin1b@cargocollective.com,$2a$04$fzcxDsQSMO4UcX79Qyf8iepmNtj.X5LqBKX80O4mG5BrAsIbNq4Ya,1662659188000,100
93-082-1826,1,astreetfield1c,gjendrusch1c@dailymail.co.uk,$2a$04$s.D03QG/ILqV9MQcl1zVpepSqLvtqD4FSR3X/Za0YCg0OyLqX3zGe,1671888287000,90
18-690-1949,1,mmcelane1d,msteinson1d@senate.gov,$2a$04$WVckGQlzOyTGGMv6PAEPcOd07heK0v0EY6pd/2iw4IUmyyZDEibVi,1685563510000,89
28-995-5314,1,wdezamudio1e,atinklin1e@ycombinator.com,$2a$04$Sk6fdRpdm4lNWPXAhaV82OzyAwmQQT4SnG9eR2M3WCXWod4C1f64q,1668761185000,54
01-922-9482,1,aoxe1f,kcouchman1f@bluehost.com,$2a$04$KhcsYyRuwY1mmcgnDJMDN.yqYtqWXF0IlN9rUF8SiIv25oLdc0M.W,1659010931000,89
62-053-4402,1,pgarrould1g,gyearby1g@skyrock.com,$2a$04$NHoaMrRgucRfAyL0Dad2ZO57DUEdxrqM.ZACUY1hNVdL0mc01svN2,1658165991000,65
37-295-0828,1,ravramovich1h,seyton1h@facebook.com,$2a$04$2WXvhgqBcWFeG40kTUWq/.m7NY9Nn45RL5M7xvx9.PNBUXuudYWZm,1675512400000,64
46-481-6730,1,gpipet1i,ajendas1i@berkeley.edu,$2a$04$J99kdf6CDiddzzKZY9vtneTHuJ5o.tyRrnJx4sRvsWBG1gwKlRIli,1667707663000,50
25-032-7680,1,dmclewd1j,tskaifedingerthorpe1j@dell.com,$2a$04$dXSxndbjopn7XZu1W3g4EevQx94uil/mTnkmtKY8yT2fJ1MFaQzWq,1671132725000,57
62-065-3884,1,kgraysmark1k,ebatalle1k@netscape.com,$2a$04$fH0C20VXG1D4TEljFRC9R.YEkoYWUqXT1smRLGKipeLaAdo6.r0sm,1661107343000,70
97-870-5530,1,dbonnett1l,jstable1l@a8.net,$2a$04$Cd5RksOQlen8wyLdmMaEcOwKbfswjXsgsrqtvG5lUz1XukCfP46X2,1687310617000,65
85-435-4592,1,ljonsson1m,wrainsden1m@weibo.com,$2a$04$PUkafv9hgJyPDEMWv8GzA.ydxnBlTHtEx60cFfkK8rhqUOAu3Jlm2,1674020204000,67
37-907-8717,1,hworthington1n,mcoal1n@about.com,$2a$04$.WL4LE8LKyDB1q5hJ33b9.RMcokbVunrIiadbh/uihF.jW6ZCRKs6,1660211050000,63
65-071-0983,1,fbrayfield1o,agraser1o@woothemes.com,$2a$04$S1s2T5COALKwLOjjrq0EA.yGhRauhEtv2f1NgtVP/Mv90Mz6oG/Cy,1681850434000,68
56-545-1664,1,tglackin1p,jbocking1p@about.me,$2a$04$JQr0ys3W9FHp5bcv9QO3QOf.l6E.2DTJNuXdg6tH9Eixk1oV/dgIe,1675940563000,77
90-035-3387,1,kkenworthey1q,rgeeraert1q@usatoday.com,$2a$04$S3CWYM8Yb/nySgeF1e6LuuWHunfCsJikhoQYhN1FrvHL4OLaC2FIu,1674548102000,92
54-182-1636,1,dgutherson1r,jlosseljong1r@tuttocitta.it,$2a$04$DBJFScBWjbOGxO8d.97DXOkNmWkUyR25ZC/e39suxvNSDTQ1ApGvO,1679683645000,100
69-819-9027,1,mskelding1s,rlongbone1s@cnbc.com,$2a$04$B5dxwMclqoIRowhEMq7vKeLHlVhpjIOuHL02VHyXtjaIla0cNg3yu,1678436971000,97
20-832-8597,1,gmossdale1t,alowdeane1t@nyu.edu,$2a$04$q7tMJLPbXQXj/WQIcX8u8.T0n4x8VvnCTzNUEUqMp0vm24NOeF16i,1675079117000,77
74-677-7040,1,jsolano1u,pcarslake1u@fotki.com,$2a$04$ctrVZki/r082ZJBnxOUWbOE0DnAGwIkh8kQe0dYR8zoil3KlHASsC,1672218019000,81
62-942-3899,1,achazelas1v,mwoodberry1v@tinypic.com,$2a$04$fVGAbeezwlck8T7ygX.pnu5Ez4UJDIXD8OyjK7bXPU9vNlSgsUtge,1657742509000,75
46-918-7696,1,ajurgensen1w,aringrose1w@psu.edu,$2a$04$D7d609UjK4RAeUQLQBPjXO5wETykMNN2y2JCoOmCddDQjc.7AT4G.,1667449582000,87
42-925-7073,1,yjerrand1x,wgiocannoni1x@mediafire.com,$2a$04$exEnfxb.h/WfWzVzIb1VDe/f8mlCsbTkyZ1SLp13qgXrIGpPnAe0i,1663731696000,63
24-044-2294,1,jhildrew1y,gbreckenridge1y@stumbleupon.com,$2a$04$jV7H50LmDO4n92tHf580U.R/A5Ss0r8BKJ7bDisZjpL7H1IYzf09C,1659571801000,55
47-221-2693,1,thollingby1z,cmacteggart1z@stanford.edu,$2a$04$rHQOwlRvEsUl2bPUXH2YUubtwNamhoSRRc8iafBIuofp1S6ManvdK,1673016552000,83
72-628-7145,1,ncinelli20,jpizzie20@example.com,$2a$04$wF0n7lfLvggn0cLFNMGqB..I/KTqVKx6Tir39khuShOvPoh2i7mdu,1666649344000,50
39-543-8710,1,rgale21,pdundendale21@uol.com.br,$2a$04$MJmjSzqG6.K.g2C5ecE.Z.rv4MYMuiZj9RrDPCUDhK1nnJcIh7SAO,1684903372000,78
47-308-3008,1,fshefton22,bide22@google.cn,$2a$04$9UwAyUZYosxiq2t1M9JSd.7BHm/.LuT59qFr.W2cSrC59Cm6KZIhm,1671777899000,65
29-365-1680,1,cleeder23,bhaydon23@census.gov,$2a$04$wfm/HINpad5FdddtdGENNOJ4DK.0J4A54W0JGkq2cnU1B3bn8ozNC,1685530782000,100
34-757-8190,1,ssparshott24,lhousley24@paginegialle.it,$2a$04$dqzrRjMOHSgmENZOwrtda.wTz3ej2Yv1bAnvTB2gVBuX1oYk9xnM6,1662660002000,68
76-282-7603,1,vrayman25,ghatherley25@icio.us,$2a$04$qImCIAARuwGYFILt11LEzeJfEpfiX/dk.ZgZO/973ytFqxHCuqSQC,1673839783000,65
71-628-8818,1,sgerge26,tfalls26@tripod.com,$2a$04$MnmkrrUim2G.CVOlyzLoZOJUc.EUWJzAVoiBv6tq1ZiaE1Xz2vAJu,1686173222000,59
07-182-3606,1,hramstead27,eattwood27@stumbleupon.com,$2a$04$n2cE0mJHkxV0vHdvyaKblun4sp1wT/r3HnUBmX.E/qbHkgjdBR26S,1667886613000,56
84-889-4509,1,jnare28,wkorn28@hugedomains.com,$2a$04$XoEbqZczs4D5OAs82HV1N.Iis2db2WJmQEkWWmt20hqRVx05EbKEu,1673522694000,84
98-421-3250,1,sburril29,aspeller29@cnet.com,$2a$04$j/1ymtJKcdoTX1lhbLUoQu6S2HXRQsv.8tOrZ/g/95Jg7GdUhEiV.,1678357519000,61
06-967-2130,1,ghoudhury2a,lrubenfeld2a@myspace.com,$2a$04$O0VfAxwU34RHlzU8o4021eoOTtuCN7OCoRv0nCvE8lHJe4yAZ3e/y,1662602096000,93
67-898-5810,1,jpinson2b,ftilson2b@youtube.com,$2a$04$TM46ZK5KvzzesZv2SccCP.W30KXp9DTDCKKIffgTnwWd7bM9eF4Mu,1674694123000,79
01-416-5148,1,houldcott2c,nwithers2c@samsung.com,$2a$04$cp6PCiZjearNvAtvIgmEkeM0XpWLXawRTrihQNlvvwSG2YmLnUjou,1681381289000,88
03-871-8780,1,uwall2d,kpatroni2d@mashable.com,$2a$04$GjGsfzB4FmEBjFJkuLfYRuCSRhdL98QihYq0jktZu9aPLgYVHselG,1675044357000,54
89-663-3326,1,cmarco2e,cdelacourt2e@xinhuanet.com,$2a$04$vebc7KVFuKxa8/y0e0R0z.oPzOaLo.bzb76JSQfAKGyWCFsiVm4jK,1669316005000,73
68-923-7119,1,pbrumfitt2f,csitch2f@theguardian.com,$2a$04$sBDbEr35HKHhr54XlYKye.4A5vfdWlj2Ujdaa6vdrD6FoMLZMNT5y,1667520183000,57
83-189-9860,1,ecadagan2g,ccudworth2g@bluehost.com,$2a$04$XSIcS.zXxMLX5pJF/gdBf.xPUWiL0HQ2CFeWF5fpXb/LzodU3HrUa,1659685921000,63
77-607-1070,1,spevie2h,bmerricks2h@wikispaces.com,$2a$04$vS8TpEJsmbfAwVKXLZq6WuxDynKXBZ48bn9lvs/L9nG4.YoBPMBIq,1682232268000,63
09-175-2164,1,pmanwaring2i,bbranford2i@lulu.com,$2a$04$1BkdzA.fA/CKpeAK.4JPoeoRpBhiMrGFbAXb6ALOuefLRFlg5GzTu,1673411714000,80
08-074-9245,1,chobden2j,sandreassen2j@geocities.jp,$2a$04$q8my87Eh9NKSNng.CBk18uF6VFZiCJUY9t5u4ZrQJeQcanJmVccf2,1659574181000,57
38-313-6689,1,hsimkiss2k,rdobbson2k@jiathis.com,$2a$04$Cwk8J9qC0zi4HAtmV6C3PeXZIQh.tEEAzDdq1NXeUv/F8DNY6BIpu,1671756037000,74
70-710-8166,1,rmckinnon2l,vfaux2l@china.com.cn,$2a$04$FT8nf1mRcvBfUUs7nS7sOOWbYPkst9tlLPxwy/5dKPKrmZR0D.R7a,1683601404000,61
08-419-1242,1,kcrystal2m,cjandl2m@geocities.jp,$2a$04$CYHXUisWjveZZKtj/RLahOwdKNhxt5xYlEQuI8SBe5.pR5/9xKZyi,1657502954000,100
66-338-3829,1,gtinkler2n,bharston2n@hatena.ne.jp,$2a$04$NZENvq223QwblOx4o0x.FeMds0bAT/HDml6HblGmFdVyMscUM6QCS,1684661077000,92
63-731-7398,1,jleydon2o,jiglesia2o@amazon.de,$2a$04$64ihXp.snM.7EEl2NcX1Xe8CnWIH8nIy3vHfI0FDnz7FCE3Eov/Qa,1668228890000,56
92-722-1751,1,sbollen2p,rhinksen2p@illinois.edu,$2a$04$MOyyr/vU1YCDBMxIiADwNeYYdjI7EWgwCJI09dOrFGP90J9tlYp9S,1677054238000,81
82-527-2185,1,wbrinkman2q,bcapell2q@wisc.edu,$2a$04$ZAAnDGpNgKgjYsd1CA4r2OivjMv2OHZ1GWAOoP6OJo6b0IG/3rk5G,1675008389000,50
74-018-0277,1,acomellini2r,mmourant2r@netlog.com,$2a$04$cZDedOLSq9j5vdhdzdN5tevE8qE/PwPz39GlPVnQnaXkVzGISr40W,1676815303000,88