64-004-5467,1,Karisa,Longega,klongega0@salon.com,711 713 8938,a pede posuere nonummy integer non velit donec diam neque vestibulum eget vulputate ut ultrices vel augue,"Nullam sit amet turpis elementum ligula vehicula consequat. Morbi a ipsum. Integer a nibh.

In quis justo. Maecenas rhoncus aliquam lacus. Morbi quis tortor id nulla ultrices aliquet.",93d784b5-65fc-426c-8344-2d23aede4158
49-495-1200,1,Elisabet,Easun,eeasun1@domainmarket.com,280 612 5269,semper porta volutpat quam pede lobortis ligula sit amet eleifend pede libero,"Fusce consequat. Nulla nisl. Nunc nisl.

Duis bibendum, felis sed interdum venenatis, turpis enim blandit mi, in porttitor pede justo eu massa. Donec dapibus. Duis at velit eu est congue elementum.",a1e1600e-dced-4ae0-8ec1-9658712a85b5
87-721-8037,1,Elita,Muress,emuress2@smh.com.au,849 916 0192,est risus auctor sed tristique in tempus sit amet sem fusce,"Duis bibendum. Morbi non quam nec dui luctus rutrum. Nulla tellus.

In sagittis dui vel nisl. Duis ac nibh. Fusce lacus purus, aliquet at, feugiat non, pretium quis, lectus.

Suspendisse potenti. In eleifend quam a odio. In hac habitasse platea dictumst.",64726250-5da3-433f-ba34-f418d6937db6
82-322-7920,1,Fielding,Wisniowski,fwisniowski3@youtube.com,307 951 8741,eros elementum pellentesque quisque porta volutpat erat quisque erat eros,"Praesent blandit. Nam nulla. Integer pede justo, lacinia eget, tincidunt eget, tempus vel, pede.

Morbi porttitor lorem id ligula. Suspendisse ornare consequat lectus. In est risus, auctor sed, tristique in, tempus sit amet, sem.

Fusce consequat. Nulla nisl. Nunc nisl.",df8b4350-e92b-457f-ae03-2ddc2f12b5d7
45-542-3957,1,Freida,Grob,fgrob4@dell.com,671 471 0200,nam congue risus semper porta volutpat quam pede lobortis ligula sit amet eleifend,"Fusce posuere felis sed lacus. Morbi sem mauris, laoreet ut, rhoncus aliquet, pulvinar sed, nisl. Nunc rhoncus dui vel sem.",a1e1600e-dced-4ae0-8ec1-9658712a85b5
33-228-9621,1,Michelina,Dymock,mdymock5@vistaprint.com,439 200 7410,ac enim in tempor turpis nec euismod scelerisque quam turpis,"Fusce posuere felis sed lacus. Morbi sem mauris, laoreet ut, rhoncus aliquet, pulvinar sed, nisl. Nunc rhoncus dui vel sem.

Sed sagittis. Nam congue, risus semper porta volutpat, quam pede lobortis ligula, sit amet eleifend pede libero quis orci. Nullam molestie nibh in lectus.

Pellentesque at nulla. Suspendisse potenti. Cras in purus eu magna vulputate luctus.",93d784b5-65fc-426c-8344-2d23aede4158
86-168-2961,1,Dukie,Yeoland,dyeoland6@mapquest.com,886 721 9597,tortor sollicitudin mi sit amet lobortis sapien sapien non mi,"In hac habitasse platea dictumst. Morbi vestibulum, velit id pretium iaculis, diam erat fermentum justo, nec condimentum neque sapien placerat ante. Nulla justo.",df8b4350-e92b-457f-ae03-2ddc2f12b5d7
90-876-8254,1,Delaney,Uttermare,duttermare7@yelp.com,555 649 6659,elit proin interdum mauris non ligula pellentesque ultrices phasellus id sapien in sapien iaculis congue,"Duis bibendum. Morbi non quam nec dui luctus rutrum. Nulla tellus.

In sagittis dui vel nisl. Duis ac nibh. Fusce lacus purus, aliquet at, feugiat non, pretium quis, lectus.

Suspendisse potenti. In eleifend quam a odio. In hac habitasse platea dictumst.",64726250-5da3-433f-ba34-f418d6937db6
81-684-8163,1,Giulietta,Astie,gastie8@csmonitor.com,650 166 8474,elementum nullam varius nulla facilisi cras non velit nec nisi vulputate nonummy maecenas tincidunt lacus at velit vivamus vel nulla,"Maecenas tristique, est et tempus semper, est quam pharetra magna, ac consequat metus sapien ut nunc. Vestibulum ante ipsum primis in faucibus orci luctus et ultrices posuere cubilia Curae; Mauris viverra diam vitae quam. Suspendisse potenti.

Nullam porttitor lacus at turpis. Donec posuere metus vitae ipsum. Aliquam non mauris.

Morbi non lectus. Aliquam sit amet diam in magna bibendum imperdiet. Nullam orci pede, venenatis non, sodales sed, tincidunt eu, felis.",93d784b5-65fc-426c-8344-2d23aede4158
43-633-0633,1,Aubrey,Testro,atestro9@bloomberg.com,717 812 4674,at velit eu est congue elementum in hac habitasse platea dictumst morbi vestibulum,Praesent id massa id nisl venenatis lacinia. Aenean sit amet justo. Morbi ut odio.,64726250-5da3-433f-ba34-f418d6937db6
68-984-1393,1,Bartholomeus,Iddiens,biddiensa@redcross.org,497 183 2083,lacus morbi sem mauris laoreet ut rhoncus aliquet pulvinar sed nisl nunc rhoncus,"Nullam sit amet turpis elementum ligula vehicula consequat. Morbi a ipsum. Integer a nibh.

In quis justo. Maecenas rhoncus aliquam lacus. Morbi quis tortor id nulla ultrices aliquet.

Maecenas leo odio, condimentum id, luctus nec, molestie sed, justo. Pellentesque viverra pede ac diam. Cras pellentesque volutpat dui.",93d784b5-65fc-426c-8344-2d23aede4158
25-928-2299,1,Feodor,Hellcat,fhellcatb@mac.com,272 820 4712,sed augue aliquam erat volutpat in congue etiam justo etiam pretium iaculis justo in hac habitasse platea dictumst etiam faucibus,"Fusce consequat. Nulla nisl. Nunc nisl.

Duis bibendum, felis sed interdum venenatis, turpis enim blandit mi, in porttitor pede justo eu massa. Donec dapibus. Duis at velit eu est congue elementum.

In hac habitasse platea dictumst. Morbi vestibulum, velit id pretium iaculis, diam erat fermentum justo, nec condimentum neque sapien placerat ante. Nulla justo.",a1e1600e-dced-4ae0-8ec1-9658712a85b5
18-843-5051,1,Carmine,Coop,ccoopc@ovh.net,992 406 2495,praesent blandit nam nulla integer pede justo lacinia eget tincidunt eget,"Mauris enim leo, rhoncus sed, vestibulum sit amet, cursus id, turpis. Integer aliquet, massa id lobortis convallis, tortor risus dapibus augue, vel accumsan tellus nisi eu orci. Mauris lacinia sapien quis libero.",a1e1600e-dced-4ae0-8ec1-9658712a85b5
31-847-3304,1,Chane,Burberye,cburberyed@shareasale.com,828 578 2212,donec odio justo sollicitudin ut suscipit a feugiat et eros vestibulum ac est lacinia,Pellentesque at nulla. Suspendisse potenti. Cras in purus eu magna vulputate luctus.,64726250-5da3-433f-ba34-f418d6937db6
03-762-7984,1,Coreen,Waltering,cwalteringe@jiathis.com,195 888 7903,malesuada in imperdiet et commodo vulputate justo in blandit ultrices enim lorem ipsum dolor sit amet consectetuer adipiscing,"Morbi non lectus. Aliquam sit amet diam in magna bibendum imperdiet. Nullam orci pede, venenatis non, sodales sed, tincidunt eu, felis.

Fusce posuere felis sed lacus. Morbi sem mauris, laoreet ut, rhoncus aliquet, pulvinar sed, nisl. Nunc rhoncus dui vel sem.

Sed sagittis. Nam congue, risus semper porta volutpat, quam pede lobortis ligula, sit amet eleifend pede libero quis orci. Nullam molestie nibh in lectus.",df8b4350-e92b-457f-ae03-2ddc2f12b5d7
99-450-4283,1,Marrissa,Kintish,mkintishf@wikispaces.com,717 603 9176,aliquam lacus morbi quis tortor id nulla ultrices aliquet maecenas leo odio condimentum id luctus nec molestie sed justo pellentesque,"Praesent id massa id nisl venenatis lacinia. Aenean sit amet justo. Morbi ut odio.

Cras mi pede, malesuada in, imperdiet et, commodo vulputate, justo. In blandit ultrices enim. Lorem ipsum dolor sit amet, consectetuer adipiscing elit.

Proin interdum mauris non ligula pellentesque ultrices. Phasellus id sapien in sapien iaculis congue. Vivamus metus arcu, adipiscing molestie, hendrerit at, vulputate vitae, nisl.",df8b4350-e92b-457f-ae03-2ddc2f12b5d7
47-670-7037,1,Venus,Tremmel,vtremmelg@patch.com,474 473 3764,urna pretium nisl ut volutpat sapien arcu sed augue aliquam erat volutpat,Nulla ut erat id mauris vulputate elementum. Nullam varius. Nulla facilisi.,df8b4350-e92b-457f-ae03-2ddc2f12b5d7
11-723-9885,1,Tabb,Bowden,tbowdenh@desdev.cn,241 859 2380,in hac habitasse platea dictumst etiam faucibus cursus urna ut,"Cras non velit nec nisi vulputate nonummy. Maecenas tincidunt lacus at velit. Vivamus vel nulla eget eros elementum pellentesque.

Quisque porta volutpat erat. Quisque erat eros, viverra eget, congue eget, semper rutrum, nulla. Nunc purus.

Phasellus in felis. Donec semper sapien a libero. Nam dui.",a1e1600e-dced-4ae0-8ec1-9658712a85b5
54-026-3696,1,Trina,Garrioch,tgarriochi@networksolutions.com,679 163 8868,sed interdum venenatis turpis enim blandit mi in porttitor pede justo eu massa donec dapibus duis at velit,"Quisque porta volutpat erat. Quisque erat eros, viverra eget, congue eget, semper rutrum, nulla. Nunc purus.",93d784b5-65fc-426c-8344-2d23aede4158
81-743-7520,1,Mommy,Foard,mfoardj@live.com,844 919 8652,sagittis dui vel nisl duis ac nibh fusce lacus purus aliquet at feugiat,"Lorem ipsum dolor sit amet, consectetuer adipiscing elit. Proin risus. Praesent lectus.

Vestibulum quam sapien, varius ut, blandit non, interdum in, ante. Vestibulum ante ipsum primis in faucibus orci luctus et ultrices posuere cubilia Curae; Duis faucibus accumsan odio. Curabitur convallis.",64726250-5da3-433f-ba34-f418d6937db6
08-777-5047,1,Dave,Bartocci,dbartoccik@princeton.edu,382 306 2469,lorem ipsum dolor sit amet consectetuer adipiscing elit proin risus praesent,"In sagittis dui vel nisl. Duis ac nibh. Fusce lacus purus, aliquet at, feugiat non, pretium quis, lectus.

Suspendisse potenti. In eleifend quam a odio. In hac habitasse platea dictumst.",64726250-5da3-433f-ba34-f418d6937db6
73-921-3865,1,Wyn,Stow,wstowl@google.es,908 173 8723,lorem ipsum dolor sit amet consectetuer adipiscing elit proin interdum mauris non ligula pellentesque ultrices,"Nullam sit amet turpis elementum ligula vehicula consequat. Morbi a ipsum. Integer a nibh.

In quis justo. Maecenas rhoncus aliquam lacus. Morbi quis tortor id nulla ultrices aliquet.

Maecenas leo odio, condimentum id, luctus nec, molestie sed, justo. Pellentesque viverra pede ac diam. Cras pellentesque volutpat dui.",64726250-5da3-433f-ba34-f418d6937db6
92-469-2181,1,Arther,Du Plantier,aduplantierm@163.com,930 297 1880,non mattis pulvinar nulla pede ullamcorper augue a suscipit nulla elit ac nulla sed vel enim sit amet,"Fusce posuere felis sed lacus. Morbi sem mauris, laoreet ut, rhoncus aliquet, pulvinar sed, nisl. Nunc rhoncus dui vel sem.

Sed sagittis. Nam congue, risus semper porta volutpat, quam pede lobortis ligula, sit amet eleifend pede libero quis orci. Nullam molestie nibh in lectus.",df8b4350-e92b-457f-ae03-2ddc2f12b5d7
68-153-2871,1,Florenza,Brewster,fbrewstern@sina.com.cn,205 831 2756,eget tincidunt eget tempus vel pede morbi porttitor lorem id ligula suspendisse ornare consequat,"Donec diam neque, vestibulum eget, vulputate ut, ultrices vel, augue. Vestibulum ante ipsum primis in faucibus orci luctus et ultrices posuere cubilia Curae; Donec pharetra, magna vestibulum aliquet ultrices, erat tortor sollicitudin mi, sit amet lobortis sapien sapien non mi. Integer ac neque.",93d784b5-65fc-426c-8344-2d23aede4158
96-397-8867,1,Lurette,Fearnsides,lfearnsideso@privacy.gov.au,539 292 9324,ac nibh fusce lacus purus aliquet at feugiat non pretium quis lectus,"Duis bibendum. Morbi non quam nec dui luctus rutrum. Nulla tellus.

In sagittis dui vel nisl. Duis ac nibh. Fusce lacus purus, aliquet at, feugiat non, pretium quis, lectus.

Suspendisse potenti. In eleifend quam a odio. In hac habitasse platea dictumst.",df8b4350-e92b-457f-ae03-2ddc2f12b5d7
12-308-5471,1,Lalo,Emma,lemmap@ocn.ne.jp,348 190 1811,magna at nunc commodo placerat praesent blandit nam nulla integer pede justo,Praesent id massa id nisl venenatis lacinia. Aenean sit amet justo. Morbi ut odio.,df8b4350-e92b-457f-ae03-2ddc2f12b5d7
78-366-2451,1,Xever,Gosnoll,xgosnollq@amazonaws.com,471 387 1428,velit eu est congue elementum in hac habitasse platea dictumst morbi,"Aenean fermentum. Donec ut mauris eget massa tempor convallis. Nulla neque libero, convallis eget, eleifend luctus, ultricies eu, nibh.

Quisque id justo sit amet sapien dignissim vestibulum. Vestibulum ante ipsum primis in faucibus orci luctus et ultrices posuere cubilia Curae; Nulla dapibus dolor vel est. Donec odio justo, sollicitudin ut, suscipit a, feugiat et, eros.",df8b4350-e92b-457f-ae03-2ddc2f12b5d7
12-448-4862,1,Brita,Dash,bdashr@opensource.org,155 785 2831,curabitur gravida nisi at nibh in hac habitasse platea dictumst aliquam augue quam sollicitudin vitae,"Maecenas ut massa quis augue luctus tincidunt. Nulla mollis molestie lorem. Quisque ut erat.

Curabitur gravida nisi at nibh. In hac habitasse platea dictumst. Aliquam augue quam, sollicitudin vitae, consectetuer eget, rutrum at, lorem.

Integer tincidunt ante vel ipsum. Praesent blandit lacinia erat. Vestibulum sed magna at nunc commodo placerat.",64726250-5da3-433f-ba34-f418d6937db6
59-839-7420,1,Alaine,MacLese,amacleses@t-online.de,524 989 9115,eros elementum pellentesque quisque porta volutpat erat quisque erat eros viverra eget congue eget semper rutrum nulla nunc,"Nullam sit amet turpis elementum ligula vehicula consequat. Morbi a ipsum. Integer a nibh.

In quis justo. Maecenas rhoncus aliquam lacus. Morbi quis tortor id nulla ultrices aliquet.",64726250-5da3-433f-ba34-f418d6937db6
25-393-0219,1,Kelbee,Ivashnyov,kivashnyovt@europa.eu,927 520 5618,mauris sit amet eros suspendisse accumsan tortor quis turpis sed ante vivamus tortor duis,"Duis consequat dui nec nisi volutpat eleifend. Donec ut dolor. Morbi vel lectus in quam fringilla rhoncus.

Mauris enim leo, rhoncus sed, vestibulum sit amet, cursus id, turpis. Integer aliquet, massa id lobortis convallis, tortor risus dapibus augue, vel accumsan tellus nisi eu orci. Mauris lacinia sapien quis libero.

Nullam sit amet turpis elementum ligula vehicula consequat. Morbi a ipsum. Integer a nibh.",93d784b5-65fc-426c-8344-2d23aede4158
52-038-9787,1,Abelard,Czajkowska,aczajkowskau@rakuten.co.jp,636 187 1317,id pretium iaculis diam erat fermentum justo nec condimentum neque sapien placerat ante nulla,"Duis bibendum, felis sed interdum venenatis, turpis enim blandit mi, in porttitor pede justo eu massa. Donec dapibus. Duis at velit eu est congue elementum.

In hac habitasse platea dictumst. Morbi vestibulum, velit id pretium iaculis, diam erat fermentum justo, nec condimentum neque sapien placerat ante. Nulla justo.

Aliquam quis turpis eget elit sodales scelerisque. Mauris sit amet eros. Suspendisse accumsan tortor quis turpis.",64726250-5da3-433f-ba34-f418d6937db6
81-435-3743,1,Horton,Worlock,hworlockv@google.es,698 383 9098,amet lobortis sapien sapien non mi integer ac neque duis bibendum morbi non quam nec,"Proin eu mi. Nulla ac enim. In tempor, turpis nec euismod scelerisque, quam turpis adipiscing lorem, vitae mattis nibh ligula nec sem.

Duis aliquam convallis nunc. Proin at turpis a pede posuere nonummy. Integer non velit.

Donec diam neque, vestibulum eget, vulputate ut, ultrices vel, augue. Vestibulum ante ipsum primis in faucibus orci luctus et ultrices posuere cubilia Curae; Donec pharetra, magna vestibulum aliquet ultrices, erat tortor sollicitudin mi, sit amet lobortis sapien sapien non mi. Integer ac neque.",93d784b5-65fc-426c-8344-2d23aede4158
26-411-9651,1,Camella,Manna,cmannaw@photobucket.com,842 406 8252,faucibus orci luctus et ultrices posuere cubilia curae mauris viverra diam vitae quam suspendisse potenti nullam porttitor lacus at turpis,Sed ante. Vivamus tortor. Duis mattis egestas metus.,a1e1600e-dced-4ae0-8ec1-9658712a85b5
18-109-5868,1,Nikki,Jeggo,njeggox@wikispaces.com,846 210 1576,egestas metus aenean fermentum donec ut mauris eget massa tempor convallis nulla neque,"Maecenas ut massa quis augue luctus tincidunt. Nulla mollis molestie lorem. Quisque ut erat.

Curabitur gravida nisi at nibh. In hac habitasse platea dictumst. Aliquam augue quam, sollicitudin vitae, consectetuer eget, rutrum at, lorem.

Integer tincidunt ante vel ipsum. Praesent blandit lacinia erat. Vestibulum sed magna at nunc commodo placerat.",a1e1600e-dced-4ae0-8ec1-9658712a85b5
15-225-1518,1,Matelda,Yakov,myakovy@kickstarter.com,161 103 9912,nisl venenatis lacinia aenean sit amet justo morbi ut odio cras mi pede,"Maecenas leo odio, condimentum id, luctus nec, molestie sed, justo. Pellentesque viverra pede ac diam. Cras pellentesque volutpat dui.

Maecenas tristique, est et tempus semper, est quam pharetra magna, ac consequat metus sapien ut nunc. Vestibulum ante ipsum primis in faucibus orci luctus et ultrices posuere cubilia Curae; Mauris viverra diam vitae quam. Suspendisse potenti.

Nullam porttitor lacus at turpis. Donec posuere metus vitae ipsum. Aliquam non mauris.",df8b4350-e92b-457f-ae03-2ddc2f12b5d7
34-521-0854,1,Darell,Laughtisse,dlaughtissez@seesaa.net,873 641 3373,magna vestibulum aliquet ultrices erat tortor sollicitudin mi sit amet lobortis sapien sapien non mi integer,"Duis aliquam convallis nunc. Proin at turpis a pede posuere nonummy. Integer non velit.

Donec diam neque, vestibulum eget, vulputate ut, ultrices vel, augue. Vestibulum ante ipsum primis in faucibus orci luctus et ultrices posuere cubilia Curae; Donec pharetra, magna vestibulum aliquet ultrices, erat tortor sollicitudin mi, sit amet lobortis sapien sapien non mi. Integer ac neque.",64726250-5da3-433f-ba34-f418d6937db6
22-106-5528,1,Blisse,Clearie,bclearie10@nih.gov,346 807 0082,vestibulum quam sapien varius ut blandit non interdum in ante vestibulum ante ipsum,"Fusce consequat. Nulla nisl. Nunc nisl.

Duis bibendum, felis sed interdum venenatis, turpis enim blandit mi, in porttitor pede justo eu massa. Donec dapibus. Duis at velit eu est congue elementum.

In hac habitasse platea dictumst. Morbi vestibulum, velit id pretium iaculis, diam erat fermentum justo, nec condimentum neque sapien placerat ante. Nulla justo.",a1e1600e-dced-4ae0-8ec1-9658712a85b5
44-091-4408,1,Rodger,Zoppo,rzoppo11@gmpg.org,663 779 3903,curae donec pharetra magna vestibulum aliquet ultrices erat tortor sollicitudin mi sit amet lobortis sapien,"Proin eu mi. Nulla ac enim. In tempor, turpis nec euismod scelerisque, quam turpis adipiscing lorem, vitae mattis nibh ligula nec sem.

Duis aliquam convallis nunc. Proin at turpis a pede posuere nonummy. Integer non velit.

Donec diam neque, vestibulum eget, vulputate ut, ultrices vel, augue. Vestibulum ante ipsum primis in faucibus orci luctus et ultrices posuere cubilia Curae; Donec pharetra, magna vestibulum aliquet ultrices, erat tortor sollicitudin mi, sit amet lobortis sapien sapien non mi. Integer ac neque.",a1e1600e-dced-4ae0-8ec1-9658712a85b5
00-777-9934,1,Matias,Greed,mgreed12@usgs.gov,922 937 9075,dictumst maecenas ut massa quis augue luctus tincidunt nulla mollis molestie lorem quisque ut erat curabitur gravida,"Maecenas leo odio, condimentum id, luctus nec, molestie sed, justo. Pellentesque viverra pede ac diam. Cras pellentesque volutpat dui.

Maecenas tristique, est et tempus semper, est quam pharetra magna, ac consequat metus sapien ut nunc. Vestibulum ante ipsum primis in faucibus orci luctus et ultrices posuere cubilia Curae; Mauris viverra diam vitae quam. Suspendisse potenti.",df8b4350-e92b-457f-ae03-2ddc2f12b5d7
93-466-5808,1,Marchelle,Laffling,mlaffling13@cloudflare.com,501 178 7318,lorem id ligula suspendisse ornare consequat lectus in est risus,"Fusce consequat. Nulla nisl. Nunc nisl.

Duis bibendum, felis sed interdum venenatis, turpis enim blandit mi, in porttitor pede justo eu massa. Donec dapibus. Duis at velit eu est congue elementum.

In hac habitasse platea dictumst. Morbi vestibulum, velit id pretium iaculis, diam erat fermentum justo, nec condimentum neque sapien placerat ante. Nulla justo.",93d784b5-65fc-426c-8344-2d23aede4158
68-307-1674,1,Robby,McTeague,rmcteague14@fc2.com,248 394 3909,posuere cubilia curae nulla dapibus dolor vel est donec odio justo sollicitudin ut suscipit a feugiat,"Aenean fermentum. Donec ut mauris eget massa tempor convallis. Nulla neque libero, convallis eget, eleifend luctus, ultricies eu, nibh.

Quisque id justo sit amet sapien dignissim vestibulum. Vestibulum ante ipsum primis in faucibus orci luctus et ultrices posuere cubilia Curae; Nulla dapibus dolor vel est. Donec odio justo, sollicitudin ut, suscipit a, feugiat et, eros.

Vestibulum ac est lacinia nisi venenatis tristique. Fusce congue, diam id ornare imperdiet, sapien urna pretium nisl, ut volutpat sapien arcu sed augue. Aliquam erat volutpat.",93d784b5-65fc-426c-8344-2d23aede4158
31-585-1852,1,Salomone,Kinzel,skinzel15@themeforest.net,257 148 6414,aliquam convallis nunc proin at turpis a pede posuere nonummy integer non velit donec diam neque vestibulum eget vulputate ut,"In sagittis dui vel nisl. Duis ac nibh. Fusce lacus purus, aliquet at, feugiat non, pretium quis, lectus.

Suspendisse potenti. In eleifend quam a odio. In hac habitasse platea dictumst.

Maecenas ut massa quis augue luctus tincidunt. Nulla mollis molestie lorem. Quisque ut erat.",df8b4350-e92b-457f-ae03-2ddc2f12b5d7
80-914-6772,1,Herrick,Gallaher,hgallaher16@wikipedia.org,300 891 7208,lacus morbi sem mauris laoreet ut rhoncus aliquet pulvinar sed nisl nunc rhoncus dui,"Proin leo odio, porttitor id, consequat in, consequat ut, nulla. Sed accumsan felis. Ut at dolor quis odio consequat varius.

Integer ac leo. Pellentesque ultrices mattis odio. Donec vitae nisi.",93d784b5-65fc-426c-8344-2d23aede4158
19-494-4750,1,Ileane,Clooney,iclooney17@guardian.co.uk,425 957 0729,curabitur at ipsum ac tellus semper interdum mauris ullamcorper purus sit amet nulla quisque arcu libero,"Cras non velit nec nisi vulputate nonummy. Maecenas tincidunt lacus at velit. Vivamus vel nulla eget eros elementum pellentesque.

Quisque porta volutpat erat. Quisque erat eros, viverra eget, congue eget, semper rutrum, nulla. Nunc purus.

Phasellus in felis. Donec semper sapien a libero. Nam dui.",a1e1600e-dced-4ae0-8ec1-9658712a85b5
81-814-4891,1,Marigold,Larose,mlarose18@newsvine.com,943 928 8009,at turpis a pede posuere nonummy integer non velit donec diam neque vestibulum eget vulputate,"Maecenas ut massa quis augue luctus tincidunt. Nulla mollis molestie lorem. Quisque ut erat.

Curabitur gravida nisi at nibh. In hac habitasse platea dictumst. Aliquam augue quam, sollicitudin vitae, consectetuer eget, rutrum at, lorem.

Integer tincidunt ante vel ipsum. Praesent blandit lacinia erat. Vestibulum sed magna at nunc commodo placerat.",df8b4350-e92b-457f-ae03-2ddc2f12b5d7
09-029-7980,1,Papageno,Godon,pgodon19@usatoday.com,813 472 8541,non quam nec dui luctus rutrum nulla tellus in sagittis dui vel nisl duis ac nibh,"Aliquam quis turpis eget elit sodales scelerisque. Mauris sit amet eros. Suspendisse accumsan tortor quis turpis.

Sed ante. Vivamus tortor. Duis mattis egestas metus.",a1e1600e-dced-4ae0-8ec1-9658712a85b5
13-936-3711,1,Sarah,Hanrahan,shanrahan1a@people.com.cn,190 339 0122,lacinia aenean sit amet justo morbi ut odio cras mi pede malesuada in imperdiet et commodo,"Duis consequat dui nec nisi volutpat eleifend. Donec ut dolor. Morbi vel lectus in quam fringilla rhoncus.

Mauris enim leo, rhoncus sed, vestibulum sit amet, cursus id, turpis. Integer aliquet, massa id lobortis convallis, tortor risus dapibus augue, vel accumsan tellus nisi eu orci. Mauris lacinia sapien quis libero.

Nullam sit amet turpis elementum ligula vehicula consequat. Morbi a ipsum. Integer a nibh.",df8b4350-e92b-457f-ae03-2ddc2f12b5d7
92-937-9735,1,Erin,Freddi,efreddi1b@squidoo.com,764 205 2893,elit ac nulla sed vel enim sit amet nunc viverra dapibus nulla suscipit,"Maecenas tristique, est et tempus semper, est quam pharetra magna, ac consequat metus sapien ut nunc. Vestibulum ante ipsum primis in faucibus orci luctus et ultrices posuere cubilia Curae; Mauris viverra diam vitae quam. Suspendisse potenti.",64726250-5da3-433f-ba34-f418d6937db6
39-382-8050,1,Garvey,Knightly,gknightly1c@desdev.cn,884 571 2385,turpis elementum ligula vehicula consequat morbi a ipsum integer a nibh,"Maecenas tristique, est et tempus semper, est quam pharetra magna, ac consequat metus sapien ut nunc. Vestibulum ante ipsum primis in faucibus orci luctus et ultrices posuere cubilia Curae; Mauris viverra diam vitae quam. Suspendisse potenti.

Nullam porttitor lacus at turpis. Donec posuere metus vitae ipsum. Aliquam non mauris.",df8b4350-e92b-457f-ae03-2ddc2f12b5d7
58-721-3392,1,Wendi,Romao,wromao1d@163.com,636 834 8116,amet sem fusce consequat nulla nisl nunc nisl duis bibendum felis sed interdum venenatis turpis enim blandit,"Nam ultrices, libero non mattis pulvinar, nulla pede ullamcorper augue, a suscipit nulla elit ac nulla. Sed vel enim sit amet nunc viverra dapibus. Nulla suscipit ligula in lacus.

Curabitur at ipsum ac tellus semper interdum. Mauris ullamcorper purus sit amet nulla. Quisque arcu libero, rutrum ac, lobortis vel, dapibus at, diam.",93d784b5-65fc-426c-8344-2d23aede4158
73-748-1835,1,Theresa,Moysey,tmoysey1e@homestead.com,782 426 0263,vitae mattis nibh ligula nec sem duis aliquam convallis nunc proin at,"Cum sociis natoque penatibus et magnis dis parturient montes, nascetur ridiculus mus. Vivamus vestibulum sagittis sapien. Cum sociis natoque penatibus et magnis dis parturient montes, nascetur ridiculus mus.",a1e1600e-dced-4ae0-8ec1-9658712a85b5
71-518-1930,1,Englebert,Ruston,eruston1f@newyorker.com,971 749 5506,sapien sapien non mi integer ac neque duis bibendum morbi,In hac habitasse platea dictumst. Etiam faucibus cursus urna. Ut tellus.,64726250-5da3-433f-ba34-f418d6937db6
48-725-7578,1,Rodi,Lanney,rlanney1g@nps.gov,123 212 5756,id consequat in consequat ut nulla sed accumsan felis ut at dolor quis odio consequat varius integer ac leo,In congue. Etiam justo. Etiam pretium iaculis justo.,df8b4350-e92b-457f-ae03-2ddc2f12b5d7
69-026-2281,1,Dill,Treadger,dtreadger1h@bloglovin.com,103 613 5210,nullam molestie nibh in lectus pellentesque at nulla suspendisse potenti cras,"Vestibulum ac est lacinia nisi venenatis tristique. Fusce congue, diam id ornare imperdiet, sapien urna pretium nisl, ut volutpat sapien arcu sed augue. Aliquam erat volutpat.

In congue. Etiam justo. Etiam pretium iaculis justo.",df8b4350-e92b-457f-ae03-2ddc2f12b5d7
48-692-2212,1,Ashley,Hankard,ahankard1i@creativecommons.org,798 544 2979,dui luctus rutrum nulla tellus in sagittis dui vel nisl duis ac nibh fusce lacus purus,"Proin interdum mauris non ligula pellentesque ultrices. Phasellus id sapien in sapien iaculis congue. Vivamus metus arcu, adipiscing molestie, hendrerit at, vulputate vitae, nisl.

Aenean lectus. Pellentesque eget nunc. Donec quis orci eget orci vehicula condimentum.",93d784b5-65fc-426c-8344-2d23aede4158
93-894-9225,1,Thorpe,Macvey,tmacvey1j@weibo.com,531 996 3378,nunc proin at turpis a pede posuere nonummy integer non,"Nulla ut erat id mauris vulputate elementum. Nullam varius. Nulla facilisi.

Cras non velit nec nisi vulputate nonummy. Maecenas tincidunt lacus at velit. Vivamus vel nulla eget eros elementum pellentesque.

Quisque porta volutpat erat. Quisque erat eros, viverra eget, congue eget, semper rutrum, nulla. Nunc purus.",93d784b5-65fc-426c-8344-2d23aede4158
00-084-2125,1,Mellie,Holton,mholton1k@odnoklassniki.ru,897 152 1884,nibh fusce lacus purus aliquet at feugiat non pretium quis lectus suspendisse potenti in eleifend,"Praesent blandit. Nam nulla. Integer pede justo, lacinia eget, tincidunt eget, tempus vel, pede.

Morbi porttitor lorem id ligula. Suspendisse ornare consequat lectus. In est risus, auctor sed, tristique in, tempus sit amet, sem.",a1e1600e-dced-4ae0-8ec1-9658712a85b5
43-153-6823,1,Kordula,Fealey,kfealey1l@adobe.com,507 574 2506,sit amet eros suspendisse accumsan tortor quis turpis sed ante vivamus tortor duis mattis egestas metus aenean fermentum donec,"Fusce posuere felis sed lacus. Morbi sem mauris, laoreet ut, rhoncus aliquet, pulvinar sed, nisl. Nunc rhoncus dui vel sem.

Sed sagittis. Nam congue, risus semper porta volutpat, quam pede lobortis ligula, sit amet eleifend pede libero quis orci. Nullam molestie nibh in lectus.

Pellentesque at nulla. Suspendisse potenti. Cras in purus eu magna vulputate luctus.",93d784b5-65fc-426c-8344-2d23aede4158
70-288-4273,1,Ernaline,Figge,efigge1m@marriott.com,175 466 7908,volutpat eleifend donec ut dolor morbi vel lectus in quam fringilla rhoncus mauris enim leo rhoncus sed,"Mauris enim leo, rhoncus sed, vestibulum sit amet, cursus id, turpis. Integer aliquet, massa id lobortis convallis, tortor risus dapibus augue, vel accumsan tellus nisi eu orci. Mauris lacinia sapien quis libero.

Nullam sit amet turpis elementum ligula vehicula consequat. Morbi a ipsum. Integer a nibh.",df8b4350-e92b-457f-ae03-2ddc2f12b5d7
15-401-8927,1,Melamie,Mallock,mmallock1n@discuz.net,247 620 0311,posuere felis sed lacus morbi sem mauris laoreet ut rhoncus aliquet pulvinar sed nisl nunc rhoncus dui vel,"Sed sagittis. Nam congue, risus semper porta volutpat, quam pede lobortis ligula, sit amet eleifend pede libero quis orci. Nullam molestie nibh in lectus.",64726250-5da3-433f-ba34-f418d6937db6
15-555-0254,1,Seth,Cordeau,scordeau1o@craigslist.org,470 124 8940,vitae mattis nibh ligula nec sem duis aliquam convallis nunc,"Maecenas leo odio, condimentum id, luctus nec, molestie sed, justo. Pellentesque viverra pede ac diam. Cras pellentesque volutpat dui.

Maecenas tristique, est et tempus semper, est quam pharetra magna, ac consequat metus sapien ut nunc. Vestibulum ante ipsum primis in faucibus orci luctus et ultrices posuere cubilia Curae; Mauris viverra diam vitae quam. Suspendisse potenti.

Nullam porttitor lacus at turpis. Donec posuere metus vitae ipsum. Aliquam non mauris.",93d784b5-65fc-426c-8344-2d23aede4158
17-064-0294,1,Angelique,Guyet,aguyet1p@xinhuanet.com,156 756 8647,ligula vehicula consequat morbi a ipsum integer a nibh in quis justo maecenas rhoncus aliquam lacus morbi quis,"Quisque porta volutpat erat. Quisque erat eros, viverra eget, congue eget, semper rutrum, nulla. Nunc purus.

Phasellus in felis. Donec semper sapien a libero. Nam dui.

Proin leo odio, porttitor id, consequat in, consequat ut, nulla. Sed accumsan felis. Ut at dolor quis odio consequat varius.",df8b4350-e92b-457f-ae03-2ddc2f12b5d7
02-732-9844,1,Ronny,Heyworth,rheyworth1q@clickbank.net,720 723 1418,ac tellus semper interdum mauris ullamcorper purus sit amet nulla quisque,"Proin interdum mauris non ligula pellentesque ultrices. Phasellus id sapien in sapien iaculis congue. Vivamus metus arcu, adipiscing molestie, hendrerit at, vulputate vitae, nisl.

Aenean lectus. Pellentesque eget nunc. Donec quis orci eget orci vehicula condimentum.",a1e1600e-dced-4ae0-8ec1-9658712a85b5
63-653-8938,1,Nikki,Dunckley,ndunckley1r@fotki.com,111 516 7915,odio porttitor id consequat in consequat ut nulla sed accumsan felis,"Vestibulum ac est lacinia nisi venenatis tristique. Fusce congue, diam id ornare imperdiet, sapien urna pretium nisl, ut volutpat sapien arcu sed augue. Aliquam erat volutpat.

In congue. Etiam justo. Etiam pretium iaculis justo.",64726250-5da3-433f-ba34-f418d6937db6
55-882-9998,1,Joanna,Pook,jpook1s@umn.edu,784 861 7027,quis justo maecenas rhoncus aliquam lacus morbi quis tortor id nulla ultrices aliquet maecenas,"In congue. Etiam justo. Etiam pretium iaculis justo.

In hac habitasse platea dictumst. Etiam faucibus cursus urna. Ut tellus.",a1e1600e-dced-4ae0-8ec1-9658712a85b5
39-409-0872,1,Huntington,Kirdsch,hkirdsch1t@is.gd,949 681 7796,sapien cum sociis natoque penatibus et magnis dis parturient montes nascetur ridiculus,"Fusce posuere felis sed lacus. Morbi sem mauris, laoreet ut, rhoncus aliquet, pulvinar sed, nisl. Nunc rhoncus dui vel sem.",df8b4350-e92b-457f-ae03-2ddc2f12b5d7
14-375-9693,1,Burch,McIver,bmciver1u@jalbum.net,345 106 3853,dui luctus rutrum nulla tellus in sagittis dui vel nisl duis ac nibh fusce lacus purus aliquet at feugiat,"Vestibulum quam sapien, varius ut, blandit non, interdum in, ante. Vestibulum ante ipsum primis in faucibus orci luctus et ultrices posuere cubilia Curae; Duis faucibus accumsan odio. Curabitur convallis.

Duis consequat dui nec nisi volutpat eleifend. Donec ut dolor. Morbi vel lectus in quam fringilla rhoncus.",64726250-5da3-433f-ba34-f418d6937db6
50-018-4134,1,Danyelle,Barrabeale,dbarrabeale1v@abc.net.au,956 877 2469,integer aliquet massa id lobortis convallis tortor risus dapibus augue vel,Praesent id massa id nisl venenatis lacinia. Aenean sit amet justo. Morbi ut odio.,a1e1600e-dced-4ae0-8ec1-9658712a85b5
31-198-3331,1,Deanne,Dawdary,ddawdary1w@hud.gov,348 474 6463,a libero nam dui proin leo odio porttitor id consequat in consequat ut,Etiam vel augue. Vestibulum rutrum rutrum neque. Aenean auctor gravida sem.,df8b4350-e92b-457f-ae03-2ddc2f12b5d7
87-929-5200,1,Neille,Gosnold,ngosnold1x@yahoo.com,895 418 2707,tortor duis mattis egestas metus aenean fermentum donec ut mauris eget massa tempor convallis nulla neque libero convallis,"Integer ac leo. Pellentesque ultrices mattis odio. Donec vitae nisi.

Nam ultrices, libero non mattis pulvinar, nulla pede ullamcorper augue, a suscipit nulla elit ac nulla. Sed vel enim sit amet nunc viverra dapibus. Nulla suscipit ligula in lacus.

Curabitur at ipsum ac tellus semper interdum. Mauris ullamcorper purus sit amet nulla. Quisque arcu libero, rutrum ac, lobortis vel, dapibus at, diam.",a1e1600e-dced-4ae0-8ec1-9658712a85b5
48-761-2851,1,Atlante,Lepard,alepard1y@barnesandnoble.com,315 875 8632,nulla ut erat id mauris vulputate elementum nullam varius nulla facilisi cras non velit nec nisi vulputate nonummy,"Suspendisse potenti. In eleifend quam a odio. In hac habitasse platea dictumst.

Maecenas ut massa quis augue luctus tincidunt. Nulla mollis molestie lorem. Quisque ut erat.

Curabitur gravida nisi at nibh. In hac habitasse platea dictumst. Aliquam augue quam, sollicitudin vitae, consectetuer eget, rutrum at, lorem.",a1e1600e-dced-4ae0-8ec1-9658712a85b5
41-011-4732,1,Agnesse,Robben,arobben1z@washingtonpost.com,836 873 8030,morbi vel lectus in quam fringilla rhoncus mauris enim leo rhoncus sed,"Etiam vel augue. Vestibulum rutrum rutrum neque. Aenean auctor gravida sem.

Praesent id massa id nisl venenatis lacinia. Aenean sit amet justo. Morbi ut odio.",df8b4350-e92b-457f-ae03-2ddc2f12b5d7
19-513-2052,1,Tabor,O'Crotty,tocrotty20@nhs.uk,158 289 8993,in faucibus orci luctus et ultrices posuere cubilia curae mauris viverra diam,"Fusce posuere felis sed lacus. Morbi sem mauris, laoreet ut, rhoncus aliquet, pulvinar sed, nisl. Nunc rhoncus dui vel sem.

Sed sagittis. Nam congue, risus semper porta volutpat, quam pede lobortis ligula, sit amet eleifend pede libero quis orci. Nullam molestie nibh in lectus.",df8b4350-e92b-457f-ae03-2ddc2f12b5d7
68-729-0203,1,Parnell,Gloves,pgloves21@bizjournals.com,386 317 0452,felis donec semper sapien a libero nam dui proin leo odio porttitor id consequat,"Cras mi pede, malesuada in, imperdiet et, commodo vulputate, justo. In blandit ultrices enim. Lorem ipsum dolor sit amet, consectetuer adipiscing elit.

Proin interdum mauris non ligula pellentesque ultrices. Phasellus id sapien in sapien iaculis congue. Vivamus metus arcu, adipiscing molestie, hendrerit at, vulputate vitae, nisl.

Aenean lectus. Pellentesque eget nunc. Donec quis orci eget orci vehicula condimentum.",64726250-5da3-433f-ba34-f418d6937db6
02-613-1892,1,Layton,Gruszczak,lgruszczak22@tripadvisor.com,732 666 4444,velit nec nisi vulputate nonummy maecenas tincidunt lacus at velit vivamus,"Sed ante. Vivamus tortor. Duis mattis egestas metus.

Aenean fermentum. Donec ut mauris eget massa tempor convallis. Nulla neque libero, convallis eget, eleifend luctus, ultricies eu, nibh.

Quisque id justo sit amet sapien dignissim vestibulum. Vestibulum ante ipsum primis in faucibus orci luctus et ultrices posuere cubilia Curae; Nulla dapibus dolor vel est. Donec odio justo, sollicitudin ut, suscipit a, feugiat et, eros.",a1e1600e-dced-4ae0-8ec1-9658712a85b5
02-273-2154,1,Chantalle,Lifton,clifton23@ustream.tv,189 935 5287,non quam nec dui luctus rutrum nulla tellus in sagittis dui vel nisl duis ac nibh fusce lacus purus,"Quisque porta volutpat erat. Quisque erat eros, viverra eget, congue eget, semper rutrum, nulla. Nunc purus.

Phasellus in felis. Donec semper sapien a libero. Nam dui.",df8b4350-e92b-457f-ae03-2ddc2f12b5d7
58-309-0278,1,Malina,Mac Geaney,mmacgeaney24@list-manage.com,138 508 1723,risus dapibus augue vel accumsan tellus nisi eu orci mauris lacinia sapien quis libero nullam sit amet turpis elementum,"Curabitur in libero ut massa volutpat convallis. Morbi odio odio, elementum eu, interdum eu, tincidunt in, leo. Maecenas pulvinar lobortis est.

Phasellus sit amet erat. Nulla tempus. Vivamus in felis eu sapien cursus vestibulum.",93d784b5-65fc-426c-8344-2d23aede4158
75-074-2834,1,Elysha,Scudder,escudder25@unicef.org,521 794 9529,erat id mauris vulputate elementum nullam varius nulla facilisi cras non velit,"Integer tincidunt ante vel ipsum. Praesent blandit lacinia erat. Vestibulum sed magna at nunc commodo placerat.

Praesent blandit. Nam nulla. Integer pede justo, lacinia eget, tincidunt eget, tempus vel, pede.",64726250-5da3-433f-ba34-f418d6937db6
11-097-4623,1,Paul,Gilhoolie,pgilhoolie26@ucla.edu,509 544 1031,nullam varius nulla facilisi cras non velit nec nisi vulputate nonummy maecenas tincidunt lacus at velit vivamus vel nulla eget,"Nulla ut erat id mauris vulputate elementum. Nullam varius. Nulla facilisi.

Cras non velit nec nisi vulputate nonummy. Maecenas tincidunt lacus at velit. Vivamus vel nulla eget eros elementum pellentesque.

Quisque porta volutpat erat. Quisque erat eros, viverra eget, congue eget, semper rutrum, nulla. Nunc purus.",93d784b5-65fc-426c-8344-2d23aede4158
26-747-2456,1,Paul,Zellick,pzellick27@sfgate.com,168 832 9642,eu est congue elementum in hac habitasse platea dictumst morbi vestibulum,"Maecenas tristique, est et tempus semper, est quam pharetra magna, ac consequat metus sapien ut nunc. Vestibulum ante ipsum primis in faucibus orci luctus et ultrices posuere cubilia Curae; Mauris viverra diam vitae quam. Suspendisse potenti.

Nullam porttitor lacus at turpis. Donec posuere metus vitae ipsum. Aliquam non mauris.

Morbi non lectus. Aliquam sit amet diam in magna bibendum imperdiet. Nullam orci pede, venenatis non, sodales sed, tincidunt eu, felis.",a1e1600e-dced-4ae0-8ec1-9658712a85b5
22-791-2823,1,Donnamarie,Pantecost,dpantecost28@hostgator.com,367 917 8418,enim blandit mi in porttitor pede justo eu massa donec dapibus duis at velit eu est,"Duis bibendum. Morbi non quam nec dui luctus rutrum. Nulla tellus.

In sagittis dui vel nisl. Duis ac nibh. Fusce lacus purus, aliquet at, feugiat non, pretium quis, lectus.",df8b4350-e92b-457f-ae03-2ddc2f12b5d7
70-502-0476,1,Lorette,Crosskill,lcrosskill29@mail.ru,525 198 8353,ut suscipit a feugiat et eros vestibulum ac est lacinia nisi venenatis tristique fusce congue diam,"Aenean fermentum. Donec ut mauris eget massa tempor convallis. Nulla neque libero, convallis eget, eleifend luctus, ultricies eu, nibh.

Quisque id justo sit amet sapien dignissim vestibulum. Vestibulum ante ipsum primis in faucibus orci luctus et ultrices posuere cubilia Curae; Nulla dapibus dolor vel est. Donec odio justo, sollicitudin ut, suscipit a, feugiat et, eros.",df8b4350-e92b-457f-ae03-2ddc2f12b5d7
12-863-2910,1,Loy,MacGorley,lmacgorley2a@amazon.co.uk,664 763 1594,ipsum ac tellus semper interdum mauris ullamcorper purus sit amet nulla quisque arcu,"Pellentesque at nulla. Suspendisse potenti. Cras in purus eu magna vulputate luctus.

Cum sociis natoque penatibus et magnis dis parturient montes, nascetur ridiculus mus. Vivamus vestibulum sagittis sapien. Cum sociis natoque penatibus et magnis dis parturient montes, nascetur ridiculus mus.

Etiam vel augue. Vestibulum rutrum rutrum neque. Aenean auctor gravida sem.",64726250-5da3-433f-ba34-f418d6937db6
53-287-0430,1,D'arcy,McCathy,dmccathy2b@nps.gov,290 813 3776,in congue etiam justo etiam pretium iaculis justo in hac habitasse platea dictumst etiam faucibus cursus urna ut tellus,"Nam ultrices, libero non mattis pulvinar, nulla pede ullamcorper augue, a suscipit nulla elit ac nulla. Sed vel enim sit amet nunc viverra dapibus. Nulla suscipit ligula in lacus.",a1e1600e-dced-4ae0-8ec1-9658712a85b5
66-439-2090,1,Elwood,Filyukov,efilyukov2c@google.ca,297 250 9041,venenatis tristique fusce congue diam id ornare imperdiet sapien urna pretium nisl ut volutpat sapien,"In sagittis dui vel nisl. Duis ac nibh. Fusce lacus purus, aliquet at, feugiat non, pretium quis, lectus.

Suspendisse potenti. In eleifend quam a odio. In hac habitasse platea dictumst.",64726250-5da3-433f-ba34-f418d6937db6
61-124-4279,1,Julee,Cowwell,jcowwell2d@clickbank.net,344 575 8843,commodo placerat praesent blandit nam nulla integer pede justo lacinia eget tincidunt eget tempus vel pede,"Nullam porttitor lacus at turpis. Donec posuere metus vitae ipsum. Aliquam non mauris.

Morbi non lectus. Aliquam sit amet diam in magna bibendum imperdiet. Nullam orci pede, venenatis non, sodales sed, tincidunt eu, felis.

Fusce posuere felis sed lacus. Morbi sem mauris, laoreet ut, rhoncus aliquet, pulvinar sed, nisl. Nunc rhoncus dui vel sem.",a1e1600e-dced-4ae0-8ec1-9658712a85b5
85-813-4767,1,Josias,Iacovo,jiacovo2e@google.nl,933 302 2271,hac habitasse platea dictumst etiam faucibus cursus urna ut tellus nulla,"Proin eu mi. Nulla ac enim. In tempor, turpis nec euismod scelerisque, quam turpis adipiscing lorem, vitae mattis nibh ligula nec sem.

Duis aliquam convallis nunc. Proin at turpis a pede posuere nonummy. Integer non velit.",df8b4350-e92b-457f-ae03-2ddc2f12b5d7
82-200-3941,1,Jacki,Studde,jstudde2f@mashable.com,468 555 7893,congue diam id ornare imperdiet sapien urna pretium nisl ut volutpat,"Duis bibendum. Morbi non quam nec dui luctus rutrum. Nulla tellus.

In sagittis dui vel nisl. Duis ac nibh. Fusce lacus purus, aliquet at, feugiat non, pretium quis, lectus.

Suspendisse potenti. In eleifend quam a odio. In hac habitasse platea dictumst.",df8b4350-e92b-457f-ae03-2ddc2f12b5d7
42-627-0063,1,Dan,Patters,dpatters2g@google.ca,924 823 7731,odio porttitor id consequat in consequat ut nulla sed accumsan felis,"Morbi non lectus. Aliquam sit amet diam in magna bibendum imperdiet. Nullam orci pede, venenatis non, sodales sed, tincidunt eu, felis.

Fusce posuere felis sed lacus. Morbi sem mauris, laoreet ut, rhoncus aliquet, pulvinar sed, nisl. Nunc rhoncus dui vel sem.

Sed sagittis. Nam congue, risus semper porta volutpat, quam pede lobortis ligula, sit amet eleifend pede libero quis orci. Nullam molestie nibh in lectus.",df8b4350-e92b-457f-ae03-2ddc2f12b5d7
86-267-1854,1,Jammie,Morling,jmorling2h@ning.com,342 249 5480,ac consequat metus sapien ut nunc vestibulum ante ipsum primis in faucibus orci,"Sed ante. Vivamus tortor. Duis mattis egestas metus.

Aenean fermentum. Donec ut mauris eget massa tempor convallis. Nulla neque libero, convallis eget, eleifend luctus, ultricies eu, nibh.

Quisque id justo sit amet sapien dignissim vestibulum. Vestibulum ante ipsum primis in faucibus orci luctus et ultrices posuere cubilia Curae; Nulla dapibus dolor vel est. Donec odio justo, sollicitudin ut, suscipit a, feugiat et, eros.",93d784b5-65fc-426c-8344-2d23aede4158
97-644-0237,1,Judon,Hynes,jhynes2i@patch.com,993 780 9466,imperdiet sapien urna pretium nisl ut volutpat sapien arcu sed augue aliquam erat volutpat in congue etiam,"Proin eu mi. Nulla ac enim. In tempor, turpis nec euismod scelerisque, quam turpis adipiscing lorem, vitae mattis nibh ligula nec sem.

Duis aliquam convallis nunc. Proin at turpis a pede posuere nonummy. Integer non velit.

Donec diam neque, vestibulum eget, vulputate ut, ultrices vel, augue. Vestibulum ante ipsum primis in faucibus orci luctus et ultrices posuere cubilia Curae; Donec pharetra, magna vestibulum aliquet ultrices, erat tortor sollicitudin mi, sit amet lobortis sapien sapien non mi. Integer ac neque.",df8b4350-e92b-457f-ae03-2ddc2f12b5d7
60-483-3618,1,Jordan,Ferby,jferby2j@google.de,679 934 1256,mauris laoreet ut rhoncus aliquet pulvinar sed nisl nunc rhoncus dui vel sem sed,"Duis aliquam convallis nunc. Proin at turpis a pede posuere nonummy. Integer non velit.

Donec diam neque, vestibulum eget, vulputate ut, ultrices vel, augue. Vestibulum ante ipsum primis in faucibus orci luctus et ultrices posuere cubilia Curae; Donec pharetra, magna vestibulum aliquet ultrices, erat tortor sollicitudin mi, sit amet lobortis sapien sapien non mi. Integer ac neque.

Duis bibendum. Morbi non quam nec dui luctus rutrum. Nulla tellus.",93d784b5-65fc-426c-8344-2d23aede4158
35-354-0785,1,Keefe,Ghio,kghio2k@livejournal.com,107 974 9230,sem praesent id massa id nisl venenatis lacinia aenean sit amet justo,Fusce consequat. Nulla nisl. Nunc nisl.,64726250-5da3-433f-ba34-f418d6937db6
13-226-5361,1,Maje,Birdwhistell,mbirdwhistell2l@printfriendly.com,457 438 8092,sed accumsan felis ut at dolor quis odio consequat varius integer ac,"Cras mi pede, malesuada in, imperdiet et, commodo vulputate, justo. In blandit ultrices enim. Lorem ipsum dolor sit amet, consectetuer adipiscing elit.

Proin interdum mauris non ligula pellentesque ultrices. Phasellus id sapien in sapien iaculis congue. Vivamus metus arcu, adipiscing molestie, hendrerit at, vulputate vitae, nisl.

Aenean lectus. Pellentesque eget nunc. Donec quis orci eget orci vehicula condimentum.",a1e1600e-dced-4ae0-8ec1-9658712a85b5
70-524-4543,1,Cecilla,Goater,cgoater2m@washington.edu,547 469 1601,nulla pede ullamcorper augue a suscipit nulla elit ac nulla sed vel,"Etiam vel augue. Vestibulum rutrum rutrum neque. Aenean auctor gravida sem.

Praesent id massa id nisl venenatis lacinia. Aenean sit amet justo. Morbi ut odio.",a1e1600e-dced-4ae0-8ec1-9658712a85b5
83-067-8275,1,Franky,Du Plantier,fduplantier2n@ftc.gov,830 175 3441,nunc proin at turpis a pede posuere nonummy integer non velit donec diam neque,"Cras non velit nec nisi vulputate nonummy. Maecenas tincidunt lacus at velit. Vivamus vel nulla eget eros elementum pellentesque.

Quisque porta volutpat erat. Quisque erat eros, viverra eget, congue eget, semper rutrum, nulla. Nunc purus.",64726250-5da3-433f-ba34-f418d6937db6
98-496-5167,1,Clare,Gascar,cgascar2o@jugem.jp,823 166 4360,facilisi cras non velit nec nisi vulputate nonummy maecenas tincidunt lacus at velit vivamus vel nulla eget eros,"Quisque porta volutpat erat. Quisque erat eros, viverra eget, congue eget, semper rutrum, nulla. Nunc purus.

Phasellus in felis. Donec semper sapien a libero. Nam dui.",93d784b5-65fc-426c-8344-2d23aede4158
56-696-9726,1,Bordie,Stammler,bstammler2p@opensource.org,589 881 3357,diam vitae quam suspendisse potenti nullam porttitor lacus at turpis donec posuere metus vitae,"Aenean lectus. Pellentesque eget nunc. Donec quis orci eget orci vehicula condimentum.

Curabitur in libero ut massa volutpat convallis. Morbi odio odio, elementum eu, interdum eu, tincidunt in, leo. Maecenas pulvinar lobortis est.

Phasellus sit amet erat. Nulla tempus. Vivamus in felis eu sapien cursus vestibulum.",a1e1600e-dced-4ae0-8ec1-9658712a85b5
67-841-0533,1,Cozmo,Baumer,cbaumer2q@lulu.com,650 312 1466,eget rutrum at lorem integer tincidunt ante vel ipsum praesent blandit lacinia,"Proin leo odio, porttitor id, consequat in, consequat ut, nulla. Sed accumsan felis. Ut at dolor quis odio consequat varius.",93d784b5-65fc-426c-8344-2d23aede4158
76-016-7225,1,Vidovic,Mcasparan,vmcasparan2r@europa.eu,915 644 9760,leo odio porttitor id consequat in consequat ut nulla sed accumsan felis ut at dolor quis odio consequat varius,Praesent id massa id nisl venenatis lacinia. Aenean sit amet justo. Morbi ut odio.,df8b4350-e92b-457f-ae03-2ddc2f12b5d7
