77-296-8968,1,sbrookwell0,mcaslett0@addthis.com,$2a$04$UymtT/vTHHpqS8HHwBmWKeruM6RXqh4wOOzPUhbRqJj2urRJzo2Bi,1678118311000,232-03-3866,1619647885000,1877459036000
49-824-6054,1,bnezey1,mfeild1@qq.com,$2a$04$WD4zIx56/DnT4pDQ2TR1h.is8CrgjMABYj67UgeDh5MOi6n0uysaK,1658479150000,891-82-3078,1599936515000,1890594466000
79-669-1772,1,smucillo2,jbischoff2@github.io,$2a$04$tlns3aItHuOBzyPpqkkwXOQVWcZoneJLlPe/cMOgeS7irBZTxzYk2,1667737647000,632-95-7913,1638245780000,1892371282000
96-436-0532,1,zposthill3,rlynock3@nature.com,$2a$04$yOZNqvHS5aJEQV0euuml5u9fnhUKCxbo7uecMYoR1pAoLpMnJWXXO,1682700560000,795-02-5018,1598201906000,1863360308000
72-268-8299,1,vingle4,bdurdle4@nbcnews.com,$2a$04$KlEJqJjqJf2hVC4Ld6KJieyrCQS4FHys1QiEufhHHhoVKOcK8FRcm,1676527286000,721-72-8364,1595871969000,1923826065000
12-909-2888,1,jtregoning5,apillington5@shinystat.com,$2a$04$epIMRXYUTwHyPV1bfn.boeS4e41Rsbjr3H.BueheJOVIKpYNlu./C,1671843342000,661-68-2415,1623433591000,1909621208000
47-365-5156,1,cshallo6,eyakunin6@live.com,$2a$04$8pnmvrz4UmHHh79M4BdECuybSFK8j64FcwzgueDj6ifuapv36l8JC,1661086773000,711-07-5144,1681769574000,1900110297000
49-905-3148,1,lpetrescu7,rkleine7@blogs.com,$2a$04$.RfZTQBgF5SNakDPN17my.Yf2dY8IZ9o1ZyCocJ2SBgmu5qLtHLQi,1656071187000,195-24-5854,1675649371000,1898412459000
16-261-6833,1,rbartozzi8,ghyne8@last.fm,$2a$04$4BwWNRJJqPQhbxI9g3nI8OtdPR3PHy3.O53y9V9OySkbNvSjk8b9a,1677879179000,538-31-3105,1608182762000,1918895930000
68-640-8439,1,sdurber9,jbenner9@sourceforge.net,$2a$04$.yb3n9suWeIsZ7esoX4sYuKsAFdO3YDB65V1.0tSRSC2eg71c/qwK,1666597222000,437-64-6309,1582397523000,1894764256000
94-474-8096,1,cenglanda,kmaca@fema.gov,$2a$04$1ZPNf0BoEE5nMqao9FZOZuoTZm84yc/6RQV2aDbUA7eFOoAfqMznO,1662523757000,439-42-6564,1650163341000,1883601010000
46-860-7895,1,akubub,lcakebreadb@salon.com,$2a$04$jOaRold2a2Ff/Bb3dd/ZiugbvAnkVk5UdsQDtVUFeq2i96IZxjVYq,1684295715000,650-14-3339,1643791066000,1875165340000
65-686-0697,1,bkrellec,arandersonc@nih.gov,$2a$04$Bmum3aHuiLD6kBIpUaNa4uYQy5uQ5HWvd/.eqCeoWyvH8ffusxr/i,1667322600000,421-99-6930,1611411438000,1917959829000
01-512-4310,1,hlendend,obarensend@microsoft.com,$2a$04$SZq4lCXC5nDhI77B0Uir1.7w10bYvWPnzkWq057h.DV1dyTkJy4Py,1656699906000,888-68-5817,1601840301000,1886043005000
08-537-6661,1,tkippene,dgoldsbye@vk.com,$2a$04$KNmmg3hXmGoUj8PDbosoluE.neJrXczJZpLQLLBfPxlgjRa8LgCIi,1658341476000,759-10-3051,1617593881000,1923593237000
31-294-2074,1,hlyonf,cbenoeyf@cornell.edu,$2a$04$wn4/eO52oo6b8y3WhrlIy.hGxrX35t1gUXwDxusSgCDvX6emWSUhm,1669959214000,423-58-7830,1626420013000,1907507697000
96-730-9965,1,rdeancywillisg,ldriversg@slate.com,$2a$04$cLtiGUJJ7bV9Aj3dfsBDm.rj2pQC1KgtDv.ZOVlYuhR1u2HuYvr1a,1677267578000,608-77-2893,1610876934000,1924024862000
40-085-5643,1,grubinszteinh,fclementeh@ustream.tv,$2a$04$ZO8nBQQRgPraWApOh2qw7eroy1ma//zZKlmgD0lcm8Kd8x/.LFb5m,1664359362000,700-19-2612,1593263337000,1912785605000
51-397-5253,1,afullageri,dspadaroi@blogspot.com,$2a$04$Vt4UkgL/pX5nWOiZUAfasOc3/UWyNYyLcqc5HcoMvPqewGhBGrx4K,1665612445000,688-17-5454,1610510678000,1869193678000
41-728-8952,1,cshepcuttj,adilksj@acquirethisname.com,$2a$04$X9D8Mbxce30A8mgHw6uDPOnvMmeEk1oZ8lgSfzZ2aDkCxQNgRJPXy,1659300736000,345-16-3415,1657137857000,1883464102000
28-178-1389,1,jabramskyk,kgracek@biblegateway.com,$2a$04$mONNYfGavpFHx6oOGdFxHufCpwfl6AKwvzxrbffxZ0Q2TQaMFORxa,1681895555000,546-40-0078,1674464604000,1899244545000
20-698-9181,1,bbriggdalel,fdransfieldl@nbcnews.com,$2a$04$tQAKzl.mNI.3j5sKDhcX..Apla.xgc8kDV7vr9xxFo92HAS2zblfy,1684392784000,851-22-8627,1664132809000,1862340493000
83-649-1734,1,emacevillym,tmatyushenkom@microsoft.com,$2a$04$M.vrTKQjBI3QWfZluKTJRexdhGdgC0kOYDwIgEI09iAmxvq3YklrK,1684344010000,216-63-6964,1663833359000,1922295726000
04-722-1796,1,omarqyesn,bvasichevn@drupal.org,$2a$04$2I3yA9dMemMcAHByHtjx1eufGaRtc3HiZg5rA.O/YgDtnETG1HmPy,1674560173000,548-42-7813,1650465441000,1920604080000
77-198-2318,1,hwinsletto,acurnokko@posterous.com,$2a$04$MdfmJlv54iMB6zomB0MoF.aF3mT2Vt6MTmafA/auAdt.3.13shJ9m,1660856438000,208-29-7519,1625216321000,1892610451000
97-787-0696,1,cpetryp,smccritichiep@nymag.com,$2a$04$zYCxCrqxuCY.WiAmvZsVhOguV3tUw9tBTyJRvkR9q9bXCK5HVm8RC,1673840858000,313-12-8307,1595937237000,1862162360000
87-616-0257,1,aollerq,msoggq@addtoany.com,$2a$04$41KltOzxqUOlsMt1n6zNV.67x3OJ1icgKZgjYZtFYgUOZniNgPWqq,1684947664000,346-88-4013,1595018774000,1903709155000
59-572-1466,1,mgossager,ulerwayr@sun.com,$2a$04$N8CNF/gp.F2Iwbyi.5cZVectfjzYf059a6mFPvxHFYMLXkWy3qN.K,1673238251000,365-93-4410,1687453562000,1896710269000
17-581-8544,1,arosboroughs,kdellenbachs@apple.com,$2a$04$msCC/kB2q1.fBmBJS3gheumljSfPplt9r3p5ox3pMCWMxF0xihTVe,1658877799000,553-98-3005,1586875517000,1907707557000
03-526-7800,1,ystarmontt,ijovist@mozilla.com,$2a$04$oOa5ZtbQQVrfwHj7Bu./3eAiR9buGuhoeXmaTc2Ljy51gdV5Dl1rK,1662870371000,101-29-4065,1577946704000,1899226776000
72-177-2002,1,gkenlinu,dheadu@google.nl,$2a$04$rCjge2Zv7YGkl4ZKAl2kyey7t3mxvVEYl8jUkLTkdVmtIh/ST0ehO,1686665314000,577-09-4620,1681097842000,1918450968000
36-351-3723,1,dthoumasv,hjerminv@apple.com,$2a$04$w9dHeYLXVafm66ZoZJrkUObNPFPGsmrIkWvMbvKSMLWOyqmyySotC,1680472672000,360-66-5088,1618866906000,1899630096000
40-010-5757,1,ftreweelaw,smacdunlevyw@nydailynews.com,$2a$04$9pkF464fXyk932sQ6ce3fe3J.UJ5IIAmjFPT6FLJCFhLrBXn6kcEC,1658753437000,893-99-3995,1665972707000,1890079677000
05-691-8542,1,gwoodfieldx,jhasserx@themeforest.net,$2a$04$jSeFshnFvY7tdWHwq1tFkuQIWnuL2wEFz7u88YtUvIccu/AzMQGs.,1672690538000,764-41-1432,1629576240000,1905916060000
38-331-6275,1,bgrinyery,dbethuney@europa.eu,$2a$04$XZ4dmm6Ud48K1r2yU5X1e.hdCho3LnXYcAI91E3.dgNUcNiosjsua,1679138159000,882-19-7808,1590366588000,1868300765000
55-812-5052,1,kgrossz,ghydechambersz@opera.com,$2a$04$q.H94JhqrRqecNKvBgJdveOTpGKdwg.tm1Mjy/lt2ZMcCCRGX0JEG,1656968269000,372-03-3763,1587414070000,1893370066000
76-505-7751,1,mpoetz10,lcominetti10@jiathis.com,$2a$04$MSIroC413NAP2qvZeHvmou6Z7sMImJOE7VAMgrq9hq5bZk.Vkiq.m,1678409318000,115-54-5887,1649294910000,1884642069000
86-456-8263,1,mfowgies11,hwilce11@eventbrite.com,$2a$04$uq8E7qL.HHRzUj6CMXKUiuvl0iXkJDEVzUtifrllrq4iY4LofSMYq,1682484996000,888-11-5867,1674256311000,1922322555000
69-547-0124,1,earnoud12,icuer12@acquirethisname.com,$2a$04$0CRPDBHrmwQ80c730V2NQe7uj8BjG/8N/cMM5wbrusbUjZc45ofdq,1674377052000,272-44-7585,1676525828000,1902764653000
12-659-6918,1,nrutigliano13,esarson13@ucoz.com,$2a$04$hiU1izFU705Ub1Y3EwpKsev/N9rbUcbSJBrqdYLeP4HJ.LwNEtY.m,1683496747000,593-51-5508,1603806067000,1904837205000
85-695-7561,1,lredan14,iganforthe14@mysql.com,$2a$04$TzZ.wTrRvFfdQGfyUf8o7uhc0Xzo60c5Cs2qQQfp34KzyLK8JqZWa,1680246456000,617-80-3377,1633794982000,1898027140000
13-425-8146,1,ghaslam15,atemby15@homestead.com,$2a$04$yh3ElUjy.OGbznibrC5JVe2DqmMPGt./Kz.kOB.ECAisVthSZ4hlC,1664414723000,279-45-8912,1579236945000,1896341690000
91-095-5389,1,tbessent16,acolleran16@prweb.com,$2a$04$Sl7aN27Tc6QgRFImfMBfBeq0fPd/QHZNAKak6lVstJtbLVW13/hge,1672679330000,180-14-0554,1626935951000,1886661714000
45-371-6105,1,ahuckster17,acurton17@blogspot.com,$2a$04$DvPm/oF13FkbS3PMvJXtm.qUUQeABrd/J.0wjMrlg1OnWaVTasSAK,1672673553000,213-26-3284,1599929683000,1915617294000
68-181-8567,1,yshears18,bcrosbie18@netvibes.com,$2a$04$GcKYmyVOfTdmK1hCnoc5ROQoz3653rLvh.eG0fKBsQ.hCnHWq1shK,1674973605000,358-83-0147,1611294947000,1864960239000
82-731-4992,1,nkytley19,dtarplee19@hostgator.com,$2a$04$Q0OntQLI9Zb.9xHkPqE3XudtCnLGoDo8CUG3CGt4kxj.HxxDO74lu,1666557609000,220-06-8792,1603037756000,1899912158000
01-479-9019,1,ljeffree1a,lshimoni1a@addthis.com,$2a$04$a9rpDC0bgAZTlRnwV9csFujLBCkmbHCegas8NH2gamWLF.NxQWWvS,1670280420000,516-38-3451,1680493202000,1906866901000
87-488-9094,1,smckimmie1b,afawltey1b@ow.ly,$2a$04$eEe8GsU3QUQZpRr1aBMvFeivt.Xgr/4SjVrg0VbuNe.oi0jceULZq,1678807126000,166-53-9543,1583236587000,1913743208000
43-224-1662,1,snewiss1c,lallatt1c@vistaprint.com,$2a$04$sPurauS/elspgQeSD/m6xOBOI1dimafn6RWNIsY1IBO7cv3w4mvoK,1669681178000,745-60-0154,1620378367000,1886351103000
51-790-3460,1,mstiell1d,ofarnish1d@abc.net.au,$2a$04$rCGaqrTnhSWWDuVcwHTKqe1ilFC56wJLTP6DSq9Jnz3Y7pkL72wzq,1683882826000,398-12-7014,1654921925000,1886912160000
64-615-0500,1,agillson1e,hpurdom1e@toplist.cz,$2a$04$YnF/SHU9l1EvVRuoKsk7J.Os/Tvd6uTP8MeA2gMkgVY/lEcIu8e0i,1668055058000,134-10-9374,1583729603000,1908142740000
20-697-7697,1,osimonel1f,abiset1f@miibeian.gov.cn,$2a$04$UrCBFPpg1iMOxXrULrm6deN1/I8Bey4KOy7mWKvnj1In6GUVM0ld2,1670028710000,262-07-7531,1606657402000,1881752654000
25-168-2437,1,jcrennell1g,mstirland1g@i2i.jp,$2a$04$8d0aCJGh.cBw43hKjsp9ieGLBLMRAGYpjiQRYU/Rk7v.jy31bYfmu,1665293860000,778-35-9584,1634649912000,1883945546000
97-087-3183,1,hjurasz1h,treynoldson1h@indiatimes.com,$2a$04$H16kNPhQ3WZgmwQXCU1uoubiP3ssRBPmYYmJiohLxoTAMkZOFr1EO,1677298017000,866-51-3716,1640220162000,1902260355000
23-912-1549,1,mjory1i,jdable1i@army.mil,$2a$04$T6iIETybNhHFblZwjiDVleKZs4X5Fxc9sTlbYEpvumPObAbsllosy,1680670231000,119-69-5853,1680621519000,1923644138000
85-107-2586,1,ljeffels1j,tthatcher1j@exblog.jp,$2a$04$HKgnmnIixXB0LddxvQL49OVQUTPpQ5vcl4fcX24Q4oVmhP4QLTRAm,1659965407000,345-09-9385,1665730418000,1865642961000
85-735-7813,1,mdavet1k,hmclaughlan1k@friendfeed.com,$2a$04$jk.vGWJ8dTYN.WyQoWN2keLj7F7WQ55MoBfAPhrALRnZtvTTgTA4q,1660733937000,144-82-0729,1608071948000,1923531755000
26-828-7720,1,jdecarolis1l,hhans1l@shutterfly.com,$2a$04$aIC32lrlZCOl7nWqnrS0HOF1F8enFL7b.tECPzRNVaY7aIVBSlyMa,1666322470000,797-90-8969,1646178063000,1908714531000
01-912-4914,1,alightowlers1m,gbysouth1m@tumblr.com,$2a$04$v0utGRK16ke5L7OCXuyRBOvoqYG0WnY.hvWkSZ3sGMVm1CBKRRB.W,1679372756000,735-85-8645,1619816614000,1870682373000
15-211-5227,1,hgegg1n,kabramamov1n@posterous.com,$2a$04$6mxh8vA32nyueW2YFivHqup.XSdhtyKsUGkMODtFO0ImNk702IjdW,1660421487000,744-90-2220,1632152485000,1869936145000
86-044-2182,1,amaiklem1o,ncomolli1o@va.gov,$2a$04$AJ290oeBm8gD.x9X8mcX.e43txOaRtZR0SntiNm0Dv.Ovi6VyWZOW,1656140572000,127-96-4879,1626775828000,1895770185000
24-154-9707,1,cespine1p,ckarlsen1p@google.ca,$2a$04$79HNOKkLcL04A4l9S24Eu.HtHg22kLWhGogYo7m9y0sYtprKZsru2,1669149649000,564-48-3619,1607002663000,1873761605000
01-388-2494,1,krubinowitz1q,ebryenton1q@whitehouse.gov,$2a$04$pO7kzWzYqd8GJtsabV9LLueRa9Q9FvGmg5RaClZjAF4RChnnOs70G,1677791405000,181-12-9944,1658738020000,1888605107000
97-702-0690,1,bchastagnier1r,lcasetta1r@altervista.org,$2a$04$jZrTyZEtQXMc5Y86NZpq8OsP0RuASuIa2ktYpKMk/G9rK27BYz.jK,1677491216000,713-49-8204,1664077583000,1870567420000
25-917-9640,1,bzoppo1s,dkubes1s@sakura.ne.jp,$2a$04$dZdDo9WZspHjHbonksJq.ulQLdTW.vDXNu4K1Sy7M894oTeAcprrS,1659774827000,858-17-4292,1677820455000,1923609347000
14-814-2784,1,rrobe1t,lhawgood1t@wikia.com,$2a$04$aobc9KkQ9CQwsdx.mJyssOrWDbWNJ/S8rVI5D7dqOlNX/c2xORRxu,1670010660000,183-49-5713,1639408439000,1874332460000
51-972-6222,1,cedgcombe1u,dedling1u@webmd.com,$2a$04$Ghn/nEt7EShglpF1gkKf0.1Ii4IV4yP3fq0cwzawcIfPW4pN6jsC2,1679611589000,417-41-1856,1585925779000,1892269061000
19-313-9232,1,amquharge1v,bbonett1v@mapy.cz,$2a$04$nUf9liSkGqDuxfZujbk/cODxiMksoPDHzSGBh/djobzwIXB6PyDHm,1662364821000,167-79-9343,1639315407000,1867125115000
19-992-0702,1,tsuermeier1w,hlightbown1w@dyndns.org,$2a$04$lp5fzooYyFiCcBFq2cbToOXbtGpwMfxo1RESDOHy6H.5rw3bVpUdu,1658871913000,117-57-0673,1652887765000,1902078162000
00-611-5821,1,bdelap1x,ashackel1x@cafepress.com,$2a$04$tRWfhlVAgupFwbNBqflm2ujjoiVhwpdYTAN2K2ZAsHvlzYtHRP8FO,1663953924000,312-28-2400,1654360922000,1893349402000
05-563-6400,1,kferrarone1y,mbluett1y@php.net,$2a$04$eY5hgO/IYJtr6d4BVapR7.Za1TNoQdokWCnu3cM7RC4vc0sfz.Xl6,1673585591000,528-64-7443,1629575634000,1907178505000
37-386-0066,1,eveel1z,bkahan1z@ask.com,$2a$04$It2v09d3WjdOurmRPcujHeC7EvY9MoizyLtnU2sPRcFAkuVofSjIC,1671033972000,867-35-8456,1620310508000,1878279122000
93-040-1172,1,mlevens20,tcalow20@huffingtonpost.com,$2a$04$CAhvYxqGIRVfoLbddDLe/uxXvSTMiJKC7mjkhqKV8akxx4AgfHTXK,1682245976000,431-87-2661,1584326905000,1904903301000
58-704-4933,1,astrutton21,kstanning21@goo.ne.jp,$2a$04$bthOyjW7u60tpde5zOgY0.v3lq7nu5KylpPN/1PcAYFzZw049EUhK,1671534910000,260-62-4854,1660554365000,1869832904000
49-619-5247,1,hlarchiere22,vcullotey22@cbslocal.com,$2a$04$T14m.ALTkghlvEdiMpbnXuII6dMwjeLsU5JLkiMJTD174vA.aNreS,1672203285000,104-84-7424,1604414972000,1895908198000
21-706-3972,1,frembrandt23,ffearne23@ftc.gov,$2a$04$MfBF8m/X6yGXKlchjZIOh.WL9E7U9DpVVtRbZ9na/sMChYqZJlALm,1659896095000,466-07-1666,1646682978000,1875387333000
37-564-2920,1,alinstead24,tsegges24@livejournal.com,$2a$04$Cpr8ByCGK.jn4GZ.RD6DN.f0QNoKEpwivlanNEPs6h1r1KB8lriY.,1679120753000,817-76-3871,1668620879000,1885796025000
60-994-8008,1,kosanne25,ariggoll25@pinterest.com,$2a$04$GxY1BJAIf3OxqcwwCM86ueC7fYdvefcZPOauIVHvqyUxVogy2ImJa,1687008959000,719-76-0709,1637158725000,1892801270000
27-426-6577,1,apenchen26,rhearthfield26@wikipedia.org,$2a$04$2DN5oFTVXVOhbHMRF0UjcORJ9225OBGTp7J3p/Q80MEdSiQbtWaBa,1663593762000,451-18-0615,1628829071000,1886303787000
78-890-9239,1,fpilkinton27,kcail27@over-blog.com,$2a$04$Kp8ZmS3oQaB6Wg0eph1LgeNXd9fl/AarsXvsjXwEEgg6cJvfIwkNO,1663918923000,152-13-4660,1669916800000,1922135808000
87-569-8210,1,edimbylow28,rtomkinson28@phoca.cz,$2a$04$WNSouygmp6Jlu2WbcZZbRefIVHACTzgstTdwmcVl9H6IT4ZadmF.K,1668418298000,576-14-9504,1665292096000,1893710508000
75-983-6608,1,ptribbeck29,dmarvin29@ox.ac.uk,$2a$04$w5TC/7QlSbERoFcaIY8JoOaorthiArGdH4LSLFEJdahkg5g.8mcHS,1669914621000,399-26-7928,1596685318000,1907511492000
94-457-5500,1,lzammett2a,mbrumby2a@newsvine.com,$2a$04$COYmLCFGU1/txUZvV.b20ezsExc76MjULUOx7B9jd0V1UR7MiCUBC,1684993738000,626-93-6221,1611899090000,1875292134000
10-489-6265,1,istife2b,jkleinplac2b@hexun.com,$2a$04$Paa.4VGd.BW2Vv6XoHwDbOps0XGEJt1JCF0U2pZiOGFc9xzIFej32,1658023556000,827-23-1043,1625219406000,1878960518000
98-594-0548,1,fcrambie2c,mlydiard2c@deliciousdays.com,$2a$04$FdVhQZYx/jAV.lPXSMu/J.JbQCLCGnjBM1ZxdZnRDZz9g/V8ylOa.,1673838888000,395-24-2735,1671236035000,1880322304000
87-866-1818,1,lstoggell2d,flandells2d@cmu.edu,$2a$04$EjoFjfskpbU6PIFOjX4X/.nfJHiImR0hvGueDoUsKqDUx9x0rAgG.,1657215692000,506-73-5917,1683094063000,1897694910000
13-876-1443,1,kmaytum2e,lgiriardelli2e@amazon.com,$2a$04$WIa6sdvx7bgIZvFSdFEio.wOwtxRwZSxjedCaj/MlscDBu76LlNUG,1676981694000,886-27-6882,1673258461000,1902470903000
05-833-8194,1,icurnow2f,lcasbon2f@nytimes.com,$2a$04$4H7HtGgLH5LDAUlMpVDma.e5Ms/m2C6Z8WParJ47aWQ.nQjZZ8eLy,1663895689000,649-75-8049,1650562961000,1918399463000
62-116-3641,1,dhedgeley2g,kdriver2g@washingtonpost.com,$2a$04$D1XV59crfCxKzAdhIthkW.RPLcmn9XuBn9maqufIKRHyTI6C1LgeC,1663163001000,800-01-8455,1610160193000,1904174040000
78-769-9326,1,ddekeyser2h,bcaldeiro2h@1und1.de,$2a$04$kcRqcZrLdtHIzg7JgI6WdepEPMMI25jC8.60STx6k91.a9yxm9tqW,1663718866000,727-48-8666,1615245426000,1891374024000
12-343-3601,1,llamanby2i,msexon2i@businessinsider.com,$2a$04$s31ZtwFa9kD5MoGdsTdP5OLSlCHgH0382pWH0R9vQ/BlMyxxUrCNe,1679899105000,540-53-5835,1623979345000,1875290684000
82-516-7456,1,mkobpal2j,rgaule2j@soundcloud.com,$2a$04$i8NOA16R8fzX0umILGlAyu20NlUloECRFORcRnm1f3yTnIQOQ30We,1659546862000,274-39-2464,1625950519000,1916230380000
32-229-3381,1,cgoodoune2k,aberzon2k@quantcast.com,$2a$04$JgEcEbgU5o/sNwsxDNWJyeKp88q5fGC8uEK1usphkCHuAAPqHmbLi,1660669161000,366-66-1065,1648768868000,1878155409000
35-510-6093,1,bmcloughlin2l,vbridgen2l@creativecommons.org,$2a$04$kEfi1HWgxP..FPIcVCwWtO1f32Dwb0KRIzE48ukgKthzK.HE.MlU6,1660287534000,221-03-7266,1608444153000,1892462658000
93-141-2710,1,lmulrooney2m,mskipsey2m@epa.gov,$2a$04$i6u.QS51AXafjoYBUZPQh.xiXwjgLwQqbnNvDibN4j5pZTV6pYp8a,1669771094000,104-02-6847,1666981110000,1905115885000
63-938-1675,1,cbrownsey2n,fathowe2n@ehow.com,$2a$04$IHghlhQl8Pry8dQ60XY9m.C2EcmJOnp5WhT29oZhEeQAqXZr9dKiC,1658733964000,667-86-4279,1639209840000,1890164371000
45-425-1975,1,sdysert2o,asirkett2o@chicagotribune.com,$2a$04$2QYMYdzmZ7n8CA0WAt5DQeJjNXgs.UGupb.u1Y8ilUAS9k7RQuBkq,1680851775000,821-10-0823,1645145370000,1872007495000
58-493-0595,1,gfrosdick2p,mstych2p@newyorker.com,$2a$04$9seKxLXgrIf8tQDU/P3yAeCYSWOdd9ZekPA1FLAvdSz58QSaWqSsC,1686243878000,656-79-8466,1670423629000,1879461276000
65-979-1192,1,wolesen2q,ccorness2q@google.nl,$2a$04$DNZIY9ReVPrKcQQ5xZ4a8uD4d4/urCE0RYTBvz3byFoGlEKwfRt4O,1679803142000,323-37-2563,1606761288000,1880536499000
08-829-9012,1,ndilucia2r,hproom2r@geocities.com,$2a$04$eNFbd5ePXxX.D2.N9WU9tekQMaMC9uQ4cKXevyTQtE19YM825NX8S,1658524887000,621-21-1136,1667731188000,1878950049000